# iter, br_Ha_amp, br_Hb_fwhm, br_feii_amp, na_oiii5007_outflow_fwhm, br_Ha_fwhm, br_Hb_voff, na_oiii5007_outflow_voff, na_oiii5007_core_fwhm, na_feii_amp, na_Ha_core_voff, na_oiii5007_core_amp, na_Hb_core_amp, stel_disp, stel_vel, na_sii6718_core_amp, na_sii6732_core_amp, na_oiii5007_core_voff, br_Ha_voff, br_Hb_amp, na_Ha_core_fwhm, power_amp, na_nii6585_core_amp, na_oiii5007_outflow_amp, na_Ha_core_amp, power_slope, na_Hb_core_voff
 0, 20.353583248700577, 3949.1898404406115, 6.555585973847441, 980.6007719980114, 3737.6811284965615, 250.09697314556777, -212.8720801769641, 246.3021277875832, 1.83568604836119, 95.13737934784471, 56.538942323476036, 34.38756937298404, 100.0, 100.0, 14.330004618209628, 14.22251996837432, 14.52740323022662, 197.46984134117872, 12.598823622954605, 186.9556182543417, 17.95704349767487, 77.87022536409637, 16.58085796587971, 138.711407342865, -1.0, 100.35967798701029
100, 20.45055619112721, 3950.106104270802, 5.954083873361955, 980.5829760488331, 3736.514821162015, 249.4566690476766, -212.8717040276162, 246.4324019810655, 1.4246467458290515, 95.03729610045045, 56.55146602709136, 34.790653033175495, 100.4819288417652, 100.01292390853307, 14.34470997180812, 13.524882487769903, 14.688442402427734, 197.2333146090296, 12.330652408635373, 187.03886627834947, 18.032387014388913, 78.97043819022959, 16.58384824547467, 138.95749817342545, -0.20007406426382154, 100.17856114125105
200, 21.590612437577875, 3948.5622559433014, 5.494631610050106, 980.5495306080147, 3737.287898547257, 248.15846516723775, -213.32868289904974, 245.7978366577904, 0.9591694036521343, 93.73246846308766, 55.65162873852776, 36.425319854766045, 99.73788397947047, 100.39394483860144, 13.256353889030034, 13.676264053456181, 15.692106313769244, 198.07780478336545, 13.726078628068862, 186.90985064041067, 17.094780260724356, 78.44779009549086, 16.622815132041897, 138.87663163277878, 0.1845582765839081, 99.93997941666194
300, 21.89462253744061, 3941.0482431768787, 5.550518272455458, 981.6318120564683, 3740.0966717542583, 248.90286211195243, -214.10745297081823, 242.68453618229555, 0.7292902954724698, 93.5116685595979, 55.38176122884564, 39.85467019503213, 95.18583806054153, 103.76836903913411, 13.062252495661243, 13.188666372489912, 15.819943389017471, 197.50914103907752, 14.650612824157161, 191.1807494163563, 12.824611840500678, 77.2029609620828, 16.69362562546631, 138.1381095877882, 0.7408106928926248, 99.67464590600798
400, 21.832623761326488, 3935.567702530658, 5.498948151175136, 983.0380227088887, 3740.8522291114396, 253.48692892800997, -213.1229223705842, 240.64684471375685, 0.6845271240654236, 94.03888889294024, 55.40326877684333, 42.07832431495698, 91.9057032706229, 107.87060461839327, 13.089751908968545, 12.856392416873966, 14.514414474015204, 195.30093842894996, 14.622261948064558, 193.15691801867595, 10.922443645883728, 76.82003211328026, 16.822520988600754, 137.2301686747392, 1.0604321291869243, 99.41458988826943
500, 21.822300114225378, 3934.5882011037666, 5.503788279558722, 984.1685553949978, 3739.5197398696305, 259.0410136922535, -210.2965685095209, 239.69670135584954, 0.6466289773484113, 94.55918705772916, 55.272927620109236, 42.67233479219114, 90.20216048602474, 111.35977539846414, 12.966964499411791, 12.727531394997502, 12.483233773071529, 191.04823715943064, 14.516303355616035, 193.44744251115185, 10.420879505169573, 76.43130503992617, 16.796672582240937, 137.12367600302903, 1.161921864077689, 99.57188584790616
600, 22.058912804040393, 3934.9187655227392, 5.511314650345817, 984.5544483307146, 3732.9990356673306, 267.22818863690696, -207.58310117247368, 241.6616178091439, 0.5385730138177935, 94.8638701761461, 55.04592498546254, 42.999699176512834, 90.9714410035103, 115.11298682327995, 13.008646867029123, 12.84054933246867, 11.88195166056786, 183.52915731602135, 14.482139915551208, 192.72771082211, 10.18540144521894, 76.11968604094096, 16.577183881285734, 137.62695923424394, 1.1970972117373608, 98.70157294342495
700, 22.224723265500028, 3933.6929856344627, 5.5099446101539415, 986.0967385506227, 3726.7435398316725, 279.78345525815087, -204.45344930817242, 242.76432743687064, 0.4633187599149521, 94.83783994825791, 55.15431782477179, 43.40477413634452, 91.80168195822577, 120.99174542716942, 13.12515048141766, 12.976472979320315, 11.104057312988788, 172.89323603167819, 14.407824330917885, 191.42421828504703, 9.88868173727666, 76.22325808251107, 16.393207705639657, 138.39151260791692, 1.2381081336990813, 98.94435576088583
800, 22.42723653393965, 3930.8743876753233, 5.4621408615056675, 986.7559235072856, 3719.2378397934967, 289.4413280618385, -202.19605285463462, 242.703742026117, 0.42492801651234974, 94.96900068338685, 55.27817516751177, 43.705453737193636, 92.86878376388154, 124.61987041750544, 13.250885534273312, 13.023239921648202, 10.685149478318792, 161.52429522173753, 14.397292676170855, 190.4355656223566, 9.884112661288684, 76.50762214810266, 16.28557228965195, 139.11966078357258, 1.24839934113213, 98.11488655178525
900, 22.402666509835267, 3928.619614453322, 5.490977294311396, 988.0841095170892, 3713.3726202976527, 296.7993062727748, -200.26369697000655, 243.15627340496624, 0.4088275121149123, 95.08271252186191, 55.2878891054962, 43.67262569374727, 92.96035681865409, 127.87905859675595, 13.343934752180266, 12.849812133447557, 10.453542426407784, 154.73552404003388, 14.38099408356885, 190.60988261859393, 9.901444685636339, 76.49558062976706, 16.28281890144218, 139.32606964199314, 1.2447472891061748, 98.4517072120225
1000, 22.483609677243763, 3928.040244431153, 5.4893411720014775, 987.1715413230452, 3709.6828616887015, 300.2151449142956, -199.75864269618393, 242.54069929847697, 0.407515155139336, 95.0943384689192, 55.44145481868264, 43.820042729528254, 93.19761067288118, 130.20140277689026, 13.458287482039779, 12.761556960681833, 10.818701262390412, 151.0612654052227, 14.398351575090913, 189.87535433530516, 9.71309984838726, 76.74896002330362, 16.259980841714935, 139.6943705188148, 1.2644843397678043, 98.30941715186506
1100, 22.48988927192232, 3926.621845659849, 5.495888477359547, 987.3595386424672, 3703.916764896811, 303.2200525694045, -199.9973894269807, 243.16592445130695, 0.41682173803636974, 95.17969580397788, 55.47096951478692, 43.84726448749748, 95.1452283725514, 130.5974250204275, 13.466085479178401, 12.796378638006804, 10.693723286516375, 147.24841197328792, 14.35293661016621, 189.2942497531998, 9.634096730229409, 76.8514967991813, 16.27583625978729, 140.33377339032006, 1.2746249885219307, 98.46991659219793
1200, 22.558548910679022, 3924.8781966577762, 5.503451168076144, 988.7148704885228, 3697.876224201237, 303.0303747655, -198.57306698127104, 242.98512177860846, 0.404424369427906, 95.34885493534316, 55.33980938068998, 43.91255352381758, 96.71363195504586, 131.2524677264219, 13.428606496041137, 12.787443228122362, 10.568521602423075, 143.76492330199756, 14.366828580956021, 189.34397974481416, 9.597320100773667, 76.64033982097293, 16.24159891527999, 140.21936937169718, 1.278748346715373, 98.1600488002199
1300, 22.505505991492512, 3929.3868586305152, 5.4972947109590145, 989.9569744961849, 3699.7796607483274, 302.8821907049734, -198.55457901062817, 243.6863394998287, 0.34286367759976255, 95.44319342325522, 55.382943086739274, 43.83456315349443, 97.6574740154215, 130.35265090746128, 13.451996738306628, 12.78014560504651, 10.460803852467272, 143.11918580786406, 14.414310476997592, 189.42387954163334, 9.646996674337641, 76.69963415544109, 16.19100932958558, 140.09431681696964, 1.2757907266462474, 97.78434594496444
1400, 22.449225309276343, 3920.30783438499, 5.5113341963023705, 990.5131426458734, 3697.6180305159596, 302.70146944649946, -196.55458001603407, 244.65372235005597, 0.34729464734637794, 95.6269226359091, 55.30867831883798, 43.702457513636055, 98.56087798525988, 130.96821166956005, 13.29557580159992, 12.74682476420026, 10.573755558840022, 137.78736864808522, 14.4423742891392, 190.0703557909059, 9.689862858617317, 76.6181278590684, 16.170470205709478, 139.92562953288424, 1.284600827491543, 97.79817527005815
1500, 22.359086158966626, 3911.124657084477, 5.514980955969389, 989.8331354505433, 3709.078167647735, 296.04351693816034, -194.19064613556114, 245.11681765327774, 0.3637094989455916, 95.52808028428359, 54.99328728672462, 43.61851941164997, 99.20159290675177, 131.43529928527167, 13.399599754449355, 12.627705928713215, 9.67721671113835, 132.52796425794003, 14.442908646577088, 190.0932241958675, 9.648036178491388, 76.78151155347602, 16.13068438151874, 140.10351025834302, 1.2934289238369259, 98.16174812627906
1600, 22.337284275471976, 3901.0965855602453, 5.53952151744202, 992.3998766904763, 3702.419011777822, 284.4353278989265, -193.75877597164254, 246.09117286142865, 0.3837127285237881, 95.30543121391213, 54.88024889226287, 43.51265921270937, 99.28394833460672, 131.00705113324813, 13.338598313210364, 12.572156024460924, 9.481825728437794, 129.13524734371774, 14.533124159164712, 189.3597817189565, 9.491231109189291, 76.71015594325954, 16.16590921135122, 139.854081890295, 1.323365476416244, 98.3421532062921
1700, 22.31850290385008, 3877.237371035411, 5.550277785507628, 993.075025530524, 3708.071080098365, 281.53930154227777, -194.19907902327012, 245.8315646218442, 0.38661538712582433, 95.5479460428042, 54.72693188145207, 43.42533276503436, 99.26669160586869, 131.55027515154129, 13.35667053994038, 12.597213891113256, 9.304015283944274, 128.98861721047118, 14.554987618198503, 188.94937960053926, 9.392956003293651, 76.4443457192696, 16.100074479451933, 140.14978373615378, 1.3321634056319647, 97.7988148447716
1800, 22.522539494324217, 3856.8249265502154, 5.515696059838878, 988.5691579961353, 3701.9034082738135, 275.1600919226507, -193.6026990789734, 245.77878455954948, 0.35398288699815494, 95.74270585306735, 54.8332994391994, 43.16562290949274, 99.95608684105576, 131.5115201033702, 13.6382976144698, 12.581659707040005, 8.528973159346496, 124.99927990991196, 14.569594460723943, 188.7865249349271, 9.26387574973011, 76.49976127773675, 16.069080437044214, 140.496005293914, 1.3519063674311538, 97.41832588857346
1900, 22.85382026754436, 3817.1511840420694, 5.4635210385827255, 983.5905834955792, 3680.6572265188547, 264.6938922560826, -192.23838081904117, 245.94992951739584, 0.36655772610716797, 95.90634958237793, 54.74203877849877, 43.14743553600964, 101.13705597111195, 131.15500737277748, 13.664596656236293, 12.62187467256966, 8.207778173617989, 121.41994264204844, 14.689373464154475, 188.43707639602968, 9.143834992467712, 76.48216454834397, 15.960464617443074, 140.77734892418562, 1.3697106646370978, 97.88460112129542
2000, 23.189418629898086, 3775.5720331835373, 5.473627175344617, 975.5272142226931, 3657.7730922568458, 253.11557920233176, -192.3271825129108, 247.28095259755196, 0.39977959958723225, 95.70478477982954, 54.69197240153818, 42.882489752566464, 103.3101847804488, 130.0641663175227, 13.617361494233077, 12.705949416924314, 8.701319655126914, 123.86942242175026, 14.804334991810217, 188.36516135459613, 9.01165567938534, 76.30681948493516, 15.940201784287154, 140.58441125095666, 1.4048582950561566, 97.648799040339
2100, 23.551222247805683, 3748.377262078984, 5.506898851291904, 971.0164375855685, 3626.1773888211505, 248.80858365125505, -193.17536834603402, 247.0669091216838, 0.3843729391199242, 95.60353927675284, 54.84165285207297, 42.78910336628562, 103.40491805326921, 129.6233354054972, 13.722296881746923, 12.756270707195291, 8.686373516595788, 126.71350794470969, 14.95054123496549, 188.5097454850184, 8.930227606457242, 76.33681703761471, 15.95482490118335, 140.2888528080216, 1.4430440442651302, 97.71462068540487
2200, 23.868397791773354, 3690.8603960095234, 5.503168994621337, 960.2543408931382, 3607.3000283350875, 243.12049287594638, -191.7920740102134, 245.15049666875944, 0.4568694500246293, 95.76259239164561, 55.08125674279734, 42.56945892606952, 104.12708926393094, 129.57662389979163, 13.738960669611934, 12.778329582031526, 9.296602360220003, 122.02015199580028, 15.057643743493085, 188.0761863362027, 8.661827039939263, 76.59925183517845, 15.990455912778298, 140.3259109345312, 1.5027231117498825, 98.73563463776036
2300, 24.128002627982116, 3660.8850842371594, 5.491648344663094, 954.6257969457396, 3586.7968627998735, 240.562799033536, -191.76581172844175, 244.9765679389307, 0.4754308832007076, 96.06455126607162, 55.28121695599611, 42.49926978153875, 106.175025579257, 130.38780516578748, 13.769981743774052, 12.867083109525582, 9.890272371360902, 119.00929361965758, 15.114794129230269, 187.39255799019898, 8.436358312381023, 76.60842135068376, 16.00506427671984, 140.20983809264126, 1.540806493378255, 98.85138953873198
2400, 24.33594273294319, 3621.608867934979, 5.44588111143199, 954.3384115776171, 3579.2595008778317, 235.06992110838905, -192.61190980789667, 244.5646068209499, 0.4835806686817834, 96.14969113185074, 55.53345078809865, 42.37611849733168, 106.51225150540029, 130.84808113076483, 13.816072253105872, 12.927637621294451, 10.278990078601195, 121.16847260332158, 15.12305272905017, 187.31532522699285, 8.304676448782534, 76.38422716885579, 15.997753931665779, 140.42078447634108, 1.5960530122175667, 99.49311387984638
2500, 24.574380501343782, 3614.1202000238645, 5.46401539920331, 956.9017533262999, 3553.6151249208974, 231.71394958183583, -192.07353036838145, 244.4477499816942, 0.4984418299105658, 96.17848032828907, 55.73059118769124, 42.31417132395953, 107.50174104188699, 131.55323871131952, 13.78832246073471, 12.956749717190359, 10.592132109540325, 120.58187359238006, 15.118103453458264, 187.1794165826941, 8.189761367654535, 76.24573237344659, 15.915162583898873, 140.47873161574722, 1.6548429514487417, 99.4906890669082
2600, 24.630929451249383, 3600.7298452595605, 5.48985106880523, 955.8242352626958, 3548.7456121103573, 233.9542834747498, -193.75680691851792, 244.62391008748085, 0.46494725785357005, 96.19636401281919, 55.703758909054685, 42.40546100664795, 107.48099561555004, 132.45284294884607, 13.80478749746186, 12.938959496369868, 11.01605196439897, 120.16094173585373, 15.174762691177495, 187.11980291267483, 8.139606126169346, 76.23371002153475, 15.859260377445635, 140.59867913814543, 1.673567064843274, 99.06890701925738
2700, 24.83848182785726, 3580.2239054195666, 5.48754001692794, 952.384415679603, 3534.712166545707, 234.40778107244012, -193.8495225408527, 244.66644643894585, 0.4661951495963692, 96.25258087423572, 55.80099265167822, 42.33164581958222, 107.11650487920659, 132.95861457376927, 13.891125189703871, 13.066838620669444, 11.066207392210865, 120.90899172648732, 15.273577414450944, 187.27783230197218, 8.09899245673333, 76.35764231455117, 15.725331433185195, 140.89553185706586, 1.6909651437231168, 98.22798829465538
2800, 24.991406461220226, 3566.4492847878128, 5.48826129215211, 949.7220430430846, 3523.309825490781, 231.5177914657485, -194.7199446644211, 244.84663852972673, 0.41958422731165756, 96.27194529801115, 55.884796851957965, 42.45336163444346, 106.11740530937372, 132.9360944926618, 13.988764157644027, 13.025266840513117, 10.88153692246032, 121.10274967809599, 15.362428846000817, 187.23270279021386, 8.089015928771673, 76.15926637982541, 15.774195237202008, 140.92534003055485, 1.6961487392200238, 98.16553392752269
2900, 24.93066850970616, 3558.310452370595, 5.489704936574546, 951.1696125756969, 3523.995941273303, 222.02339935525762, -193.8516499750797, 246.12514568964704, 0.37560009941687794, 96.30068957877651, 55.97788038065461, 42.438310047744636, 106.17853489778334, 133.03178070386036, 13.986263019118766, 13.102240552405398, 10.461561870223102, 119.41387273209153, 15.37818674246603, 187.4593434448838, 8.09390617972204, 76.18186484323556, 15.72710897847861, 140.9795828300262, 1.6992576638002608, 98.8019109521283
3000, 25.029252327905542, 3562.8793122110396, 5.477809275095647, 948.1296913056386, 3516.6532675648177, 225.03905879986567, -193.85348067301726, 245.8914574925972, 0.34464557971184223, 96.15081833616458, 56.00507253132205, 42.368274668284414, 105.72961947666397, 132.85850104639528, 14.065503432448924, 13.0875148904104, 10.336302903289724, 117.2087550845503, 15.371879894145438, 187.71073821127473, 8.122904250033342, 76.34089010139911, 15.738145947551281, 141.17637316922054, 1.680631566694293, 97.7949016700468
3100, 25.076690965940156, 3559.433329092815, 5.494860514007554, 948.2034539702037, 3516.328555686201, 225.35297579140635, -194.21389695637924, 245.7134104541305, 0.32783406407108895, 96.24720159492144, 56.1994598844263, 42.48863343688599, 105.7054692932626, 132.6816359425668, 14.088795164318658, 13.043139227266186, 10.454228564180415, 117.21455701267422, 15.353851711862399, 188.11841097935866, 8.176189064398917, 76.50235502621825, 15.746634515689653, 140.77927624873433, 1.668607208315461, 98.30714775113893
3200, 24.686205486876606, 3565.1271964465373, 5.514749525498476, 948.1119257573637, 3544.5905146965806, 227.3546096179004, -193.24758312514814, 244.72697211414206, 0.3048542960610117, 96.17948741943279, 56.103764699890284, 42.53184660906999, 105.82790054640301, 132.5598552421913, 13.975060039978805, 12.987808000885941, 10.654582826848511, 118.87465158899485, 15.289586118170888, 187.84343480004037, 8.246110029493195, 76.41153796541994, 15.931560685152602, 140.78487966293167, 1.6705644747768031, 98.6990783115644
3300, 24.818396205547966, 3553.466978548283, 5.507902692495881, 948.6769794089236, 3530.733317497292, 230.05629182553005, -194.23112601832307, 244.73565330556477, 0.31509504821529627, 96.1890010577979, 56.02214086463125, 42.46196528599819, 107.89192599221703, 131.66952159187662, 13.917134831992982, 13.004556661443797, 10.827322680518128, 117.94291719828482, 15.39895622053443, 187.99213478458165, 8.173714421328002, 76.37981251361212, 15.91364291952602, 140.81237105232861, 1.6859083868086562, 98.39610638793809
3400, 24.63520696183017, 3552.1911107375304, 5.518700981479648, 952.6989439722688, 3540.094974712585, 232.7942196152801, -195.46700203392996, 245.22841723132072, 0.3648509364249265, 96.12984657391895, 55.97453226463535, 42.22007522892088, 106.87753245565843, 131.27573085200424, 13.953564708880055, 13.017225201951604, 10.476336713117986, 119.00517632793512, 15.363619670158112, 187.62088465912896, 8.065775125677337, 76.53445914287268, 15.848907111068844, 140.96609360252899, 1.6987300769029394, 98.61563822066242
3500, 24.595061089529864, 3572.531052915348, 5.494529022420647, 954.0034504192536, 3543.6605154217787, 235.16670192259258, -195.36726438144115, 245.51593850504108, 0.3939563085503972, 96.08479643725848, 55.84893021916354, 42.29501949924784, 106.73334357135562, 132.47547459555503, 13.932777793178225, 12.952196831610005, 10.560235652777447, 122.03380986711633, 15.269496576631136, 187.83164149885337, 8.134381547098354, 76.46586187395707, 15.797747951701572, 140.91698638581013, 1.676169186615011, 98.8896372279963
3600, 24.524130539903254, 3567.412693640988, 5.502905086618211, 951.5907325245801, 3563.74521902278, 234.66072609049994, -195.22352342738736, 245.57836536568362, 0.3915991994872021, 95.94194652840831, 55.937125336409444, 42.213760242045225, 105.4688124240754, 132.4298582525765, 13.92220859597792, 13.089684461684067, 10.963484204839043, 120.68902972858783, 15.355745903089575, 187.8198617563731, 8.040586774518138, 76.43089845657707, 15.822634579401106, 140.9596550011649, 1.708345734601651, 98.85486663717657
3700, 24.538089896532725, 3556.1637528469437, 5.492112386683545, 950.4387336450728, 3555.1380459477186, 233.1400657785082, -195.27603607548318, 244.87168277922308, 0.4316848943094098, 96.12140573191762, 55.88236872320603, 42.380443398299796, 106.42782307105664, 132.7694517424584, 13.873568237482015, 13.11763585851932, 10.940403588244024, 121.9170284883296, 15.281387045891861, 188.19351396847276, 7.953316636836409, 76.49500830087626, 15.799401423371693, 140.7448655888325, 1.711390920043637, 99.0847005373494
3800, 24.58608896789945, 3539.691916871014, 5.486368054283211, 946.821455924077, 3543.3540914655, 229.76826873380114, -193.2302720563299, 244.05692859810762, 0.45526881553115006, 96.11721034916414, 55.95853884104154, 42.31811722466431, 106.05448487608425, 132.13879035869917, 13.81138831850313, 13.135639880835079, 11.121800922899954, 121.88443189680612, 15.25757881768003, 187.6555601020768, 8.024615052634976, 76.58133890873985, 15.844752650049463, 140.9068672674766, 1.6883703137879202, 98.29404349170433
3900, 24.590125541933848, 3550.4868574291836, 5.499826414480684, 949.551969550825, 3533.6513170694657, 228.99829807377188, -193.52341279267102, 242.95409996744195, 0.4480647869651521, 96.17096042257151, 56.11526166361674, 42.26499129288395, 105.75655117973596, 131.61554872858423, 13.897561725269197, 13.145939987707322, 11.233584078495417, 121.24801230171727, 15.301629029918342, 187.55180056336454, 8.051879131989006, 76.51030551326282, 15.845654778819455, 141.08262309195052, 1.6857861059522494, 97.96512723473006
4000, 24.858659536051164, 3539.522433241999, 5.489499074277358, 949.754014403779, 3528.9187792525613, 228.61851227406015, -194.61630122572174, 244.57068631251417, 0.481257605292557, 96.0762747514384, 56.0675915720571, 42.41776245354459, 107.07936881375267, 132.51769733835062, 13.836944844873901, 13.130587573926938, 11.033758426390914, 119.84890410426878, 15.29083553557999, 187.9289679090521, 7.984155160906083, 76.49572714716295, 15.801956967799583, 140.9682895011898, 1.699995864300598, 98.23317291127736
4100, 24.922283294095898, 3538.0312945088954, 5.5070099271535495, 949.4178758778305, 3531.6590561020002, 229.43011082961436, -193.92809030620188, 244.67102207829407, 0.4396117177486265, 96.06337319893554, 55.87812752844175, 42.428029349340214, 107.66101839169248, 131.03320522113503, 13.909684180618342, 13.077861399303636, 11.37019246874674, 118.97432232445266, 15.26210651253561, 187.78755913223097, 8.042537823079497, 76.16046583756071, 15.789136140505732, 141.14046220022266, 1.6962770153784485, 98.49542312805255
4200, 24.867109259431402, 3527.965887422824, 5.501773791094141, 948.6600623586642, 3523.519891498966, 227.55558638721655, -192.77923645781559, 244.37751108461413, 0.4215533684331711, 96.14046462539287, 55.91220276394996, 42.50160849918421, 107.41398243211364, 130.99135493360433, 13.958981223198439, 13.08667139148576, 11.365741758008056, 119.72596655387369, 15.263961029095608, 187.85948187524787, 8.013471997669646, 76.37402451025983, 15.769984828341364, 140.98121174429622, 1.6941532696646626, 98.4528154480301
4300, 24.953267940880565, 3534.173900957257, 5.4792180068929515, 945.0921269424593, 3524.3200007501077, 227.25655407561538, -191.96226451289792, 244.36273093718358, 0.44918521995314753, 96.41028429401892, 55.7975081812914, 42.25899959934118, 106.7898342238688, 131.48830839958563, 13.846625628357339, 13.046256907467015, 11.178371098700202, 116.32479976768234, 15.345271435444175, 187.3157073812503, 7.984667650855752, 76.35682304677874, 15.908099768288617, 140.96065307364634, 1.707685440414692, 97.80811637908923
4400, 24.980360977781945, 3542.498072064255, 5.44686987517939, 947.578836061248, 3517.293436081373, 226.46203898452023, -191.97693827796985, 244.1782954681551, 0.4991186173976065, 96.23714812325898, 55.90976558754377, 42.29452744760941, 106.92130647449511, 131.9954014004982, 13.79988456549561, 13.063816923991283, 10.868916634337644, 117.01013635096794, 15.319529111766249, 187.73797244924828, 8.02949685955102, 76.04087171742, 15.868173473398066, 141.2372020176856, 1.7040964465179307, 97.99891420109664
4500, 24.961393489434155, 3538.311244965288, 5.4536146705265995, 949.7163933164112, 3519.78943560083, 229.0832245015352, -191.95469566249477, 244.58090249882198, 0.4853526432654217, 96.23288844007226, 55.980605920870914, 42.3048070315279, 106.69720030994434, 132.36327692422083, 13.858897765473168, 13.130623295638413, 11.087106524821149, 116.33964559895118, 15.21250643360941, 188.5247010877865, 8.086327845237092, 75.93143346171071, 15.793864392404501, 141.20023377115763, 1.7017647014736008, 98.49074797819657
4600, 24.936092113274835, 3535.3673751835877, 5.423246716445833, 951.4028492820742, 3521.768774002958, 228.11057605775727, -192.11620461613086, 245.40577130168555, 0.5424500746624346, 96.1564482220297, 55.96970960527228, 42.3657883996629, 106.11308917989093, 132.05201120296692, 13.856399803514924, 13.10276605844326, 11.137486055618622, 115.89888332535023, 15.225476038820352, 188.58639007080765, 8.03074825520316, 76.10734459984158, 15.72844351698136, 141.0928073506275, 1.717487085979681, 98.24993283425088
4700, 25.018393555552823, 3547.6565993822746, 5.419616112354421, 947.1601995370855, 3523.0129301171437, 225.58173430441, -193.9231068619477, 245.29874159180662, 0.50013868297016, 96.05506842564513, 55.85291734598955, 42.439791969789226, 105.09775206924425, 132.18694086532747, 13.923054298031868, 13.078307425556515, 10.837999287697752, 115.3014513446562, 15.191406130419258, 188.77832289517835, 8.060902883166518, 76.10435484705799, 15.807642500632303, 140.68918230720936, 1.681247978845547, 98.15984540501468
4800, 24.98673961914387, 3544.1347049020455, 5.389134411409289, 945.0583187725227, 3530.198828263636, 225.0979524381682, -192.98318245654914, 244.47199653490395, 0.5162346145262185, 96.11976171149625, 55.92448131882993, 42.50793422020279, 105.1205026503931, 132.72739974340863, 14.018707052392342, 13.048227672549976, 11.199584424114333, 113.18525686273975, 15.248954133470228, 188.82192770949626, 8.159080665976091, 76.19501642038486, 15.832069605940086, 140.96904850550368, 1.6642372164882109, 97.98373192709076
4900, 25.13181632439079, 3536.4894982083847, 5.4462108865268295, 943.4628173482645, 3512.3555875950815, 224.9195595348327, -192.68333563533156, 244.0323207310571, 0.46618088857586365, 96.13653849976505, 56.22427850437296, 42.53925503952719, 106.88165638376603, 132.9802817961052, 14.080142995497454, 13.102580164334462, 11.25321721241116, 112.4665313888467, 15.31801320714818, 188.20578961975485, 8.055785610639626, 76.34588970046076, 15.836992425280158, 140.93638334957902, 1.6940105115914998, 97.91771931953704
5000, 25.18269423164098, 3535.8646048970622, 5.491450483803895, 942.9761128499549, 3508.312220346234, 222.25997089740343, -192.6035987020819, 244.2551943650153, 0.4603864511209319, 96.19143762086811, 56.193187767748086, 42.48095988932547, 106.00491449695039, 132.4575770513735, 14.038132373873268, 13.082765116341676, 11.576041317189443, 112.84907261297289, 15.345845962073914, 187.44151629024108, 8.076765891548261, 76.37070170798066, 15.878805920384822, 141.0564878209647, 1.6757314721895349, 98.07134148862636
5100, 25.222203738225573, 3542.920134499375, 5.508227006678229, 943.6916190188717, 3503.139384209447, 223.37447965468954, -193.7469350263903, 245.64233385163732, 0.4732726736473372, 96.1500547858296, 56.10511578046821, 42.45538904958283, 107.15832195520387, 132.49144081620614, 14.028298693823121, 13.051979703824165, 11.59198833396469, 114.29378104361513, 15.33722579947969, 187.59974690253352, 8.166284748028447, 76.25155534697255, 15.82863785922859, 141.04242345183786, 1.672314484541676, 98.61646507070273
5200, 25.11525927325545, 3549.490155741938, 5.472916726308523, 943.9584344528357, 3506.927620606156, 225.5473384891716, -195.21180843969444, 245.40110874942195, 0.461838150886927, 96.2973601386547, 56.14592649717993, 42.36912347636837, 107.85393709379457, 132.01519158581544, 13.99335423403846, 13.139986957328306, 11.861375011089248, 117.00017580915922, 15.335226796525916, 187.81277777868746, 8.164709292467904, 76.43948901050689, 15.81667076549958, 140.96689693359747, 1.668439852185722, 97.7746601521937
5300, 24.946723705119567, 3549.905769559283, 5.484495123560006, 940.0635935593798, 3515.9814065261826, 223.3098595784328, -195.03659213314043, 244.47554030380064, 0.554719540114982, 96.2767523677769, 56.24334943174426, 42.30563671112687, 106.72244709684395, 132.34201882556079, 13.91394071848628, 13.219594878270012, 11.39356736220925, 120.22765912920158, 15.286733872010588, 187.6392833145631, 8.02848684155035, 76.33631065745813, 15.867937327924183, 141.1406261085377, 1.7022576393642554, 97.95993001949161
5400, 24.917464008979277, 3543.0067659113975, 5.442809007386506, 940.9535524765769, 3520.11178856338, 222.1147845278395, -195.57097239932875, 245.09270020282582, 0.5615554435238278, 96.24435868488086, 56.1261683993751, 42.36088852453582, 107.03338573707536, 133.02926100287192, 13.92235460392806, 13.132807023261503, 11.02052406885514, 120.87504480381162, 15.36850158613938, 187.6838393726336, 8.07490521759321, 76.48725290225445, 15.903231380591016, 140.8774902584427, 1.7125733560282885, 98.19866561920875
5500, 24.836941527854936, 3541.5404376097904, 5.418780616941445, 942.0821483244847, 3531.309239792289, 225.8988254080874, -193.2044037599962, 245.3373617426242, 0.5347548525124988, 96.0855468010992, 55.89605754746479, 42.42451768239625, 105.49714224675705, 132.65778550911025, 14.009160465438201, 13.065858402925393, 10.722343755695022, 116.08995825202359, 15.357217482901317, 187.93445246645777, 8.104030515619261, 76.60567791314509, 15.914777409259628, 141.00619079396554, 1.6975875273453973, 97.9896389169634
5600, 25.077988012527836, 3548.8831492020827, 5.46031159150252, 942.7918031775044, 3515.054118044721, 227.03123195361377, -192.7586487767139, 245.05905401933992, 0.4734765768667948, 96.13812933788562, 55.94917360952764, 42.51026729272298, 104.76703583377281, 132.9666039569093, 13.999197308792358, 13.07496669665265, 10.888386922728186, 113.91481704393702, 15.318362050294482, 187.97710187458367, 8.064994190195673, 76.36106076923019, 15.839685508618471, 140.8697606833187, 1.6954387379788283, 98.33199656436545
5700, 25.326823018649367, 3541.261128697962, 5.475401909700258, 942.0765665602538, 3501.623785031556, 225.19821374707317, -193.52932447174572, 245.24029168091062, 0.502343340294884, 96.17277230305594, 55.98737016071814, 42.56249843409211, 104.59528699601123, 133.42170072836254, 13.990428708208634, 13.10205684206364, 10.994677509922312, 115.50280487968179, 15.400507391176212, 188.48085074825022, 8.016943332180652, 76.27117491576087, 15.764196939694722, 140.6584666432144, 1.7121356206065927, 98.10038613804328
5800, 25.13491937403404, 3543.420832487203, 5.502101910669879, 944.2899422268873, 3516.2456748381483, 223.2393337745149, -192.96192863149818, 245.96967409494508, 0.5272457237102353, 96.34870018908957, 55.88017188917, 42.34708067796372, 105.4461855102339, 131.96547836549232, 14.06492521825903, 13.030718579189868, 10.854672766259387, 115.96428582326723, 15.45194775061277, 188.6122911046041, 8.052653610838568, 76.35610025951559, 15.76968813897612, 140.91302169741817, 1.7219326441360787, 98.0888444453561
5900, 24.793447435739917, 3548.860735914372, 5.502305275289325, 946.4929767174231, 3533.328828069925, 223.121656549357, -191.54532591113417, 245.47518881836865, 0.492007820085004, 96.37385452667166, 55.8771563588536, 42.209552418323895, 106.80190704107119, 132.09325374241675, 13.967935824540586, 12.988882019080656, 10.684708274592108, 116.53188652021262, 15.43828306552273, 188.00804070753455, 8.054918400681753, 76.37330068243435, 15.892056063316979, 140.96315915192008, 1.708888233042953, 97.74888309751705
6000, 25.192721258728092, 3546.6585108681843, 5.501447422053863, 944.767770531039, 3510.2893440953685, 226.7956574255056, -192.15668947044304, 244.26245182040583, 0.5460968696700899, 96.45245109768362, 56.01121526191403, 42.33297165397532, 106.13032150922899, 131.74465916954153, 13.969408699376226, 13.04148539635953, 10.39572041161924, 115.51514143912377, 15.323800844619601, 187.8350606557828, 7.987698794669977, 76.39085617043634, 15.884668590646813, 141.12088850414676, 1.6938175671429376, 97.74118038168757
6100, 24.956540883770753, 3549.4747888691118, 5.502741068135579, 948.1740925111392, 3524.357154607779, 228.42064284419615, -192.04288064363635, 244.38872583620397, 0.5032379242109213, 96.27053310338975, 55.995715033390944, 42.46120565823664, 105.0913863807691, 132.34529694855067, 13.933803476997577, 13.04228166537314, 10.93234262379221, 114.04723945394461, 15.22423839626234, 187.04958554011574, 7.986860238231547, 76.32367752113876, 15.833018883239662, 140.94589772516844, 1.7033675859416726, 97.23282547832633
6200, 24.705006892514813, 3563.8048703219197, 5.465789915097004, 948.2283965549257, 3530.410503538458, 224.51195036661116, -191.85060239558186, 243.76247195754772, 0.47275444807328054, 96.36832036333774, 55.887244236721045, 42.46664343333937, 105.81020998913765, 131.24540180977672, 13.900918526360394, 13.026997692938881, 11.415252762153742, 114.56162605790998, 15.350912577314292, 187.66307278688708, 7.965436852628827, 76.50522918636203, 15.89534975058863, 140.84849009857794, 1.7188551746140026, 97.03735996211164
6300, 24.856887372763165, 3550.615008846834, 5.462204828023364, 945.4547584133973, 3519.9109016732755, 224.83114116371826, -192.86191616314878, 244.0127217041296, 0.4440270101814455, 96.22732286762007, 56.05810015214623, 42.328181812892836, 105.30867015747265, 131.16331916688523, 13.906166224905263, 13.001693734741414, 11.085982798140819, 115.85139551013417, 15.272943355949408, 187.94856540316664, 7.998516216613872, 76.35641016916985, 15.937177050758297, 140.90275238225277, 1.7218884781817474, 97.63498297753493
6400, 24.824406902254537, 3537.7359932363634, 5.483035974007301, 941.166480035655, 3531.085512250567, 231.93903125736824, -193.1150866264992, 244.636943308181, 0.45953261742530543, 96.32943283734947, 56.00115754543836, 42.3633150255118, 106.17091081991856, 131.1555003249998, 13.907201989433322, 13.009316848469656, 11.433100534481248, 117.12074025794398, 15.276136589421165, 188.13673238811015, 7.965998482446848, 76.5135817841717, 15.93402491782297, 140.818738129611, 1.7001924665638293, 97.84510697988647
6500, 24.90320868848602, 3540.836964376902, 5.51172542551608, 939.8920492208523, 3521.732403010037, 235.93726783046577, -194.05629893051545, 244.31313698431012, 0.42263854774991166, 96.40984038760395, 56.127171197589256, 42.44176477370702, 106.74985444375342, 131.6364017485767, 14.006322711428357, 13.061682634476895, 11.267456241996712, 117.24475193839515, 15.155051968497776, 187.71779701377142, 7.987160678875276, 76.43418131496955, 15.934866033160054, 140.89182344922918, 1.6776655667275757, 97.85037726454449
6600, 24.738604890435578, 3547.0804600285346, 5.4983788068038715, 941.7382330100082, 3539.144645241839, 235.84732430878648, -194.48095237342343, 244.2986095949547, 0.4427000405570119, 96.35011798701397, 56.143947916920844, 42.46425420645606, 105.94216012340618, 130.96649558684732, 13.948847285290066, 13.041514447277645, 11.40281950009399, 120.06253302105337, 15.234387455169344, 187.54752209690457, 8.06130550856683, 76.52521536639571, 15.8877661590907, 141.03691341141854, 1.6847952867282932, 97.52921552176082
6700, 25.04723762037999, 3548.276089804506, 5.4904021174572994, 942.0803749790941, 3515.6335577185964, 234.29787299056244, -194.76387991381998, 244.671677133998, 0.4716554072514544, 96.14629111399832, 56.14594386078228, 42.48719040159899, 106.82506687737241, 129.7800791543969, 13.984572695508167, 13.058386137577862, 11.424965751502635, 119.60871446844457, 15.279136162751799, 187.28238432513058, 8.065761579160075, 76.53948601894739, 15.900542802633035, 141.11026011569655, 1.692600630393305, 97.61724702819696
6800, 24.944230432599294, 3548.027181491185, 5.4826174349437125, 942.2072689498431, 3527.131788543389, 232.92882658442483, -193.94034640197, 244.21238174967374, 0.47465743544151595, 96.100057167144, 56.09831904296848, 42.440206041808906, 106.49952043160327, 131.01230492064008, 13.908201054869572, 13.095197896140014, 11.251332159675627, 117.91509965895332, 15.251104406629448, 187.10369458373896, 8.03989588323656, 76.36023616978835, 15.936533224169477, 140.78703284641543, 1.675869752048985, 97.62982659728304
6900, 24.890229183709057, 3553.269775972307, 5.463510483890967, 945.3663658866756, 3532.6920624907593, 229.7196098326027, -192.3752154411057, 242.7529918487587, 0.44205810657890565, 96.18487929751353, 55.981421579668456, 42.50059403834402, 105.70261365184471, 131.00973965065492, 13.915612467742672, 13.066408018615094, 11.038124784845992, 116.15090103014262, 15.202493879629564, 187.0912493635783, 8.07720131966233, 76.28160759276514, 15.932597221734216, 140.90488332656503, 1.6759768767150467, 98.19867924652607
7000, 24.937344966543087, 3551.519814789922, 5.492047155941799, 945.3321730855929, 3518.459989460053, 229.083150483414, -191.62688964766664, 244.03558792956048, 0.4322048119245615, 96.43793776821639, 56.01655434905244, 42.539692091805726, 105.62502573869935, 129.8883776500631, 13.861805814832199, 13.043792371270296, 10.728284278083692, 113.74404751544395, 15.166758179859007, 187.45141761299658, 8.161144800299862, 76.31739721681906, 15.9209806573154, 140.7029062688743, 1.6954550822705388, 98.41642562824448
7100, 25.139795544357263, 3551.190547983232, 5.540879032908314, 941.2688537765293, 3509.847086115809, 226.90096798893643, -191.3157067355487, 243.532200575074, 0.4739790612650915, 96.5043003013528, 56.16193893254242, 42.5361881738002, 105.98143913295154, 130.30896123533273, 13.904651401517269, 13.09106311207871, 11.230123165278405, 113.61681637550043, 15.263546437654265, 187.04661531635415, 8.112287943981501, 76.15452994673403, 15.937523115360314, 140.6236996550174, 1.6729436236206017, 97.98174483731283
7200, 25.23389340782483, 3550.7392459693374, 5.5116682240364145, 944.731117804464, 3500.5134954847053, 225.72738434214455, -192.22440331230953, 242.82961361555337, 0.4939010189626497, 96.58692307535526, 56.189268104890346, 42.41153091413234, 107.21429385529098, 130.503690170776, 13.901256000099211, 12.970890422100423, 11.53062838899096, 114.41736732801003, 15.231318067002004, 186.80340319381176, 8.166200858263414, 76.15810562161386, 15.912296775221831, 140.68804895452297, 1.6654125570995637, 97.58645697224563
7300, 24.99355098420009, 3552.4702274419537, 5.518052262397828, 944.6669345860981, 3510.171515574802, 228.31099618807974, -192.48254197475774, 242.91389250790303, 0.43140410800779533, 96.57923495494674, 56.22961130488159, 42.52070283516579, 107.26634611755546, 130.78224683555746, 13.960974927479088, 13.065985822406464, 11.173035630349522, 115.94647506974951, 15.250742910914742, 186.72417767436767, 8.08448576309107, 76.22361485661501, 15.914724215419016, 140.85920861650212, 1.6779013718954943, 98.04229777393566
7400, 24.96292899719003, 3545.4895310174793, 5.528024094876587, 945.846954898326, 3513.2202602240723, 227.51042150101807, -194.01803162021974, 243.036545502103, 0.4204205414611091, 96.61366255255379, 56.31570379124496, 42.440017362028, 106.32070123449586, 131.23630355427838, 13.941672122952074, 13.08278445518193, 11.371596236929198, 115.91842512214117, 15.2353421701301, 186.47834696648198, 8.139270788268698, 76.42980482104277, 15.941693766428541, 140.84656205146277, 1.669634412781789, 97.51574552488722
7500, 24.848540036287098, 3544.9296048855667, 5.519510327590281, 945.7423212761043, 3516.1232439365353, 230.32887344747795, -191.33284460343452, 243.68902507870465, 0.4250401620857407, 96.46984952092214, 56.09600355761968, 42.33415754086567, 105.11376297479192, 132.04925814718789, 13.863410851850013, 13.109038745809286, 11.377017147210342, 116.75215381282844, 15.298964073302253, 186.50318286015744, 8.128827809848229, 76.39821485386614, 15.976991938757887, 141.04095496364897, 1.6640346766651095, 97.64779521740842
7600, 25.072333833995636, 3535.106856253473, 5.4618517921415615, 943.1214063293372, 3515.063085480571, 226.4809182991072, -192.11768358681587, 244.4977481327151, 0.4796104904601032, 96.48365856601912, 55.999776866531974, 42.49867671746368, 107.25080785696706, 131.078884221198, 13.928770069944871, 13.096334747285674, 11.214666050675334, 115.89011906823833, 15.266723766423334, 186.4906144901228, 8.02408605841524, 76.26477984023595, 15.9113511064603, 141.10104834977903, 1.7272392212565846, 97.62469358668702
7700, 24.974113886332724, 3541.1721565020634, 5.466401444020906, 945.993840001734, 3525.665225498697, 230.49044135866916, -193.40751991468363, 244.63678937117857, 0.463481748267108, 96.34244917869643, 56.007541281354705, 42.334819900446334, 108.19364327363616, 130.41132180505753, 13.908253634135821, 13.116313499083164, 11.146092669076499, 118.41607985106643, 15.27132076156654, 186.66069739240663, 8.08739224695704, 76.44039498081047, 15.889679587485373, 141.06688717121833, 1.7073377508820555, 98.14803846253906
7800, 24.79621519305102, 3557.949949527173, 5.46249643453366, 945.5520466847888, 3535.625734399405, 230.98188916534033, -192.83663903127666, 244.5708662079051, 0.4146015906108879, 96.19814352125051, 55.9471410949118, 42.329765196495586, 105.82172536503685, 131.022962538517, 13.927424400947027, 13.025561218100478, 11.173053379685982, 117.26939539541138, 15.201819506177424, 186.42251452671704, 8.083761777326457, 76.38110474030263, 15.928237188397047, 141.11208396498563, 1.6665105377453084, 98.54645104721261
7900, 24.81412852148273, 3565.827290235543, 5.463434637932382, 946.6106812151106, 3534.7025624683056, 232.23226000830078, -192.9521996062637, 244.86248224775636, 0.3790645758030875, 96.16486495700528, 55.81165194652806, 42.41408739428577, 107.55298680486258, 130.73812449727367, 13.928717600698192, 13.024146862820157, 11.348660311211983, 117.78326968603159, 15.193509284526101, 186.65245951109702, 8.253190391766097, 76.24060198641585, 15.922746133945171, 141.1540896156679, 1.6751274801299534, 98.6883987307083
8000, 24.938313632589583, 3560.488434450204, 5.494829520718999, 945.6476779608813, 3516.590363063902, 232.35075554729474, -192.7842907154823, 244.39977092125673, 0.447237665801313, 96.14362075904157, 55.860884964410864, 42.298174914639546, 107.05636331096093, 130.63632164968357, 13.966956120944712, 13.03216076290957, 11.308672739150719, 119.61784803577606, 15.261175314153038, 186.96022572622374, 8.197861071130697, 76.10892359426819, 15.908700660559735, 140.86985919240044, 1.64045071682475, 98.38099866202839
8100, 25.06076447880568, 3559.1705810507424, 5.509310737205406, 947.6973003634694, 3509.0804198270357, 233.6327924654126, -192.76313499765388, 244.8817234128345, 0.40761651397402865, 96.04875764638227, 55.93857791006239, 42.334090179636874, 108.28220109239888, 130.6305487043337, 14.037001561197625, 13.044306718807665, 11.335754300676621, 118.47885854614981, 15.243024894126206, 186.9936274287055, 8.159663568806035, 76.13046441751041, 15.866388407860592, 140.94315754390135, 1.6768977608901885, 98.47085342248515
8200, 25.052040715411408, 3557.3092885724095, 5.467809575752943, 943.0335493277548, 3513.593817823328, 234.68477951373865, -192.4998817094217, 244.08938773113064, 0.39325162152135507, 96.2868686810533, 56.187260635685334, 42.55332446302742, 107.87446780761134, 131.05385804851147, 13.908545505875791, 13.030852695242375, 11.279452789643985, 118.30114845344957, 15.238390986425411, 187.1020635071407, 8.099943805151234, 76.16963815208085, 15.946964743424887, 140.76155361502003, 1.6716405609225922, 98.50496791727362
8300, 24.781432854848866, 3568.9769515627327, 5.451471562665224, 945.0832329081519, 3543.8520568531544, 235.88313758069228, -193.77519914671737, 243.42127161458902, 0.42300655044117963, 96.4993639933556, 56.17309978526352, 42.55346717459633, 107.94489433936766, 132.21678894809426, 13.935523386599124, 12.99654984014651, 11.321772392273804, 117.65222690606487, 15.181654088287866, 186.7559076675954, 8.092376435664525, 76.30682784659209, 15.97275612595591, 140.90668919765687, 1.6602461341690298, 98.03447658760439
8400, 24.948991150212713, 3544.193520776031, 5.437218977256754, 947.8461745623665, 3532.8803865839386, 232.88201097022198, -192.70748633969188, 243.50969260842865, 0.4578919973726532, 96.44216925959616, 56.11496205365298, 42.38629600127683, 106.50119478132585, 131.7812532081422, 13.985956760321702, 12.921049798058522, 11.206021324297042, 118.33231644549582, 15.223491229610778, 186.98515220997518, 8.063941568216132, 76.36242044878009, 15.972087665445802, 141.3694827097077, 1.6773557505096643, 97.8490286274552
8500, 24.848706667973318, 3541.002365310872, 5.4564118479160895, 946.7182498249902, 3542.2366242640173, 228.9109884689123, -192.77662626703753, 243.34087305892825, 0.4765749197055281, 96.22138841802277, 56.165209070143554, 42.26479934898371, 105.49523204694651, 131.4575032624262, 13.98390108828891, 12.942819850133873, 11.098431317314464, 118.19195797366919, 15.256943471139387, 187.05154062932974, 8.07426972719363, 76.43148845780084, 15.89540477431215, 141.37796487264347, 1.6937622671047845, 97.58052464806298
8600, 25.019571673448926, 3553.1387701460008, 5.472714334802601, 947.871627669868, 3526.4166054733546, 228.49051641040765, -190.48441985004635, 242.97318415806723, 0.4994458549429611, 95.98055504384652, 56.00358251271369, 42.371398620451274, 106.47720636685361, 131.2721215066195, 13.92785252567509, 12.993410867114116, 11.175891574046478, 118.44260373256822, 15.323139016873727, 187.06384541937018, 8.125254469404641, 76.33753811511485, 15.921220431200112, 141.12512929483455, 1.6735836338798011, 97.65069200777447
8700, 25.108513648047452, 3540.783280574867, 5.4571766878843135, 949.3503343937692, 3505.4234540405655, 226.2531834574989, -191.6049481779928, 243.08219828248045, 0.48358566039020334, 96.03568081311118, 56.159991960901785, 42.432414157781295, 106.06298511379653, 130.72634996177675, 13.935828591881972, 12.98073607772726, 11.00172066031327, 116.05588646238957, 15.394673977533357, 187.30606323351765, 8.077915854073265, 76.27481902580155, 15.85801456011913, 141.0316970087888, 1.677257262970764, 97.22695819947954
8800, 24.780822450604536, 3546.6095486189097, 5.434971134690147, 949.5135586208246, 3530.3641961582566, 224.10572346913045, -191.87245794326574, 243.09232929050046, 0.4676277029901251, 95.9869211022571, 56.16120661569114, 42.41068913090774, 106.19276127556836, 131.455739231777, 13.979701485717149, 13.063663431641604, 11.013678815584957, 117.13099932395815, 15.397336594134293, 187.1870948019553, 8.151596560419991, 76.48653933029469, 15.838661956393572, 141.18869054799745, 1.6473767508510226, 97.55474254025177
8900, 24.730046740973545, 3550.7355899230274, 5.46805335546366, 952.7366717632592, 3539.9857815401674, 225.081139818611, -191.25859833469656, 243.2997766457523, 0.49531303459622084, 95.77420792696854, 55.996138949767825, 42.451627388524265, 106.75968176175526, 131.69675850578474, 14.002825708854253, 13.027251150176793, 10.861525763253658, 120.0999957897766, 15.37210986938139, 187.21459879069488, 8.202708532164609, 76.53191056157742, 15.892628895893061, 140.90314404164965, 1.6128628376367944, 97.7548979193096
9000, 24.740134741861723, 3534.316904619455, 5.495991785077548, 947.1579260835836, 3530.1010009429338, 229.28863880323163, -192.39801936705288, 244.8597032365433, 0.5264118274816489, 96.00606670552862, 55.87795712414158, 42.4647932574149, 106.78685443296108, 131.557736646262, 13.998286353077406, 13.01063073785411, 10.92544470964092, 120.88364449696041, 15.351815278465642, 187.93304308852086, 8.10626515618222, 76.1738773475714, 15.857705405926222, 140.9190392879094, 1.667890003563192, 97.88099789935444
9100, 24.888479397051054, 3546.1976654977807, 5.462191483160644, 945.4686822736569, 3523.103773331328, 227.94135731802666, -192.96136757763372, 244.4456989789387, 0.5199074565232527, 96.30618144577092, 56.084867319048605, 42.4276000697412, 105.45755207926584, 131.32326755728562, 13.963535267548782, 13.049777965161589, 10.963862640976178, 121.68934898069614, 15.304594152060432, 188.3860092769974, 8.14828695923145, 76.07863054087048, 15.816095498135294, 140.95757545416353, 1.6718088700704512, 97.9068380975951
9200, 25.111096425072983, 3527.8960203326023, 5.461590376652778, 945.9611558225372, 3517.504483411049, 227.51321689969762, -192.2411826321669, 243.5690818535375, 0.4973939341759127, 96.33057621284544, 56.37697932039379, 42.56522736323164, 106.05899438109445, 132.56499120770349, 14.064169853191284, 13.065886242998113, 10.811588081156913, 117.45134369200576, 15.325375490243385, 188.09095037969016, 8.100376169386303, 76.21523595588931, 15.810870004405219, 141.08965351642155, 1.6783393196936605, 97.582588877071
9300, 25.06652758452336, 3525.283232449026, 5.449446278803746, 948.682219105657, 3513.1735515999835, 227.0281325195515, -191.131713316182, 244.757620173617, 0.5114275331929964, 96.16061116233787, 56.20418473904076, 42.452239968624745, 105.53998610078085, 133.07172562171476, 14.05023792258185, 13.087232455138622, 10.89614669991377, 115.7403382697723, 15.33875630335811, 188.23595737240228, 8.053608053977964, 76.43198639554772, 15.773912361838562, 140.97820186914436, 1.7037988476013153, 97.20662663605704
9400, 24.90610763621816, 3527.7219673922204, 5.480303345453413, 947.409351320096, 3522.845735536226, 225.42775318351204, -192.10145832731556, 245.1543368321647, 0.47620027151490507, 96.11705123492587, 56.115209262926996, 42.38892161302857, 107.05807211654323, 131.58562824264175, 13.930944579239714, 13.087249359977264, 11.026886436573665, 117.03707809272106, 15.32492732694148, 187.97304166614637, 8.111384193239294, 76.53494876631981, 15.82315742980983, 140.92364224115454, 1.6853774780374562, 97.15259736739037
9500, 24.987377006822804, 3543.6162963608767, 5.514371895813101, 943.5188181308285, 3525.7024450490526, 229.55451102077373, -192.8497081728058, 245.21988623425986, 0.4850132896972627, 96.1566745780842, 56.14078329424193, 42.458857203941335, 106.14852201900686, 131.57066745902816, 13.861269909700178, 13.104992045077791, 11.013657087830719, 116.09233991479724, 15.346092561959638, 188.60742567575988, 8.11729121612819, 76.35320439656313, 15.869272422394456, 140.73589140665499, 1.6856766460255583, 97.3793367190732
9600, 25.072641152558617, 3538.8926233963753, 5.515949004284574, 940.7581131205189, 3512.5991007957973, 226.38604277351115, -193.29507605068503, 245.29424323028454, 0.46627690935653343, 96.24097917476999, 56.13392955549112, 42.43430260290646, 106.25989118028406, 130.59213751780658, 13.857527236111569, 13.140112777921248, 11.087173217539132, 115.10259980432137, 15.294074787181675, 188.44000105975155, 8.091107128992514, 76.19306826820338, 15.855517482095664, 140.88976108291365, 1.6747970361066078, 97.09617642722986
9700, 24.839172645585876, 3552.183330708084, 5.463847331514439, 941.7755684659694, 3518.9480127961892, 229.0114034370905, -192.59135917165352, 246.00670496625338, 0.4787448093030653, 96.2509678827408, 56.11254052739164, 42.37783904741502, 105.48227660740615, 131.43053729695475, 13.901024176721977, 13.141905791980259, 10.976618152715847, 114.73516971679818, 15.334303522610632, 188.00959047808502, 8.099590163264882, 76.30840358029201, 15.761773530273938, 141.0601671331821, 1.6622637716078843, 97.14364999498821
9800, 24.982617753438056, 3541.448517274258, 5.4791212301923995, 940.6735320030954, 3522.227949613761, 232.80230096435469, -192.67795196246888, 245.11561404267195, 0.4087735864007495, 96.31953694736383, 56.19656650744361, 42.49535338592414, 105.27845429597204, 131.72628245341878, 13.916264133998284, 13.110066813435491, 10.675598628956699, 114.43413564894493, 15.304995970355487, 187.5487979137274, 8.029541545316656, 76.2546756202981, 15.847374809456033, 141.3300551117462, 1.6796184951590374, 97.58162389353932
9900, 24.965922425007392, 3541.388956036302, 5.49135202489179, 942.2338663475498, 3527.053531651013, 229.40221724220598, -193.46834283627874, 244.61712693889467, 0.41439193979543154, 96.3516748419706, 56.06280852875131, 42.51172476556741, 105.2839110385153, 131.4864939343202, 13.953449615409966, 13.105909680007624, 11.101358650509335, 114.18757435643619, 15.220583144292368, 187.69237296387726, 8.04939204997877, 76.32332986391418, 15.831085334652673, 141.20801200014284, 1.6899996110711544, 97.44376832464445
10000, 24.87434500051202, 3536.613948432358, 5.497243209990146, 945.3919407102985, 3525.2422518661433, 231.30035165072223, -193.64194792365723, 244.49606641131817, 0.41573850942486823, 96.31163075885014, 56.13538528216111, 42.315346745683826, 104.74290147669859, 132.13011565807625, 13.989596440510313, 13.062914922050954, 11.074068797696315, 117.35446416779024, 15.332339097481627, 187.77485408651467, 8.017658548072253, 76.20799947997999, 15.795825322323488, 141.3470168228499, 1.7039143551889384, 97.88429361171913
10100, 25.025419251790577, 3530.734876754704, 5.494936341639026, 947.0296688160497, 3520.0660018146837, 229.9439438299612, -193.62498708243965, 244.93159105782442, 0.43470858671715107, 96.06703320846111, 56.1853784590982, 42.35115234723509, 104.76357630542013, 131.2376612940022, 14.048980787572189, 13.01932043829555, 11.077973014113821, 117.70677638715176, 15.351279222511032, 188.38542128118405, 8.129294486907149, 76.34312852552839, 15.727620477000169, 141.47881879910014, 1.700340572125871, 98.1374032559884
10200, 25.3174982880128, 3538.3075774217828, 5.506353543042825, 943.4908794113176, 3499.2084841671276, 225.24310829784858, -194.08405590281308, 245.07198234927577, 0.4539277908829734, 95.96611343967206, 56.39640811175269, 42.47641704811438, 105.88817232826364, 131.52500709909535, 14.085146208120054, 13.085832872962783, 11.007305830633381, 117.60406475027206, 15.408420571382361, 188.10194996924486, 8.09894791826843, 76.4246374576327, 15.700429995700986, 141.5459309059347, 1.7188258930072702, 98.63148741537043
10300, 25.164702974002527, 3545.262576131095, 5.499155147232837, 944.0365345570264, 3503.623119925077, 223.8907043771297, -193.57569317924586, 244.9250369518193, 0.4487791668995733, 96.1895048669992, 56.45581635308733, 42.62280149429179, 105.42481578278225, 131.95300372417995, 14.057562774337448, 13.061413805471714, 11.203529765849307, 118.18500805265876, 15.432160611716116, 188.6206561017072, 8.133372589753204, 76.41862682692322, 15.827554666594061, 141.33441862194937, 1.7127408547673093, 98.53899177583307
10400, 24.963008594379065, 3551.2369819585356, 5.494028083823536, 945.9421442098146, 3521.504445683053, 225.7311766705637, -193.06441962986077, 244.2365572801024, 0.47214243620304863, 96.23932751227825, 56.239813826199615, 42.56804896780614, 106.46762987148809, 131.87818234952337, 13.921422721891915, 13.060773703534931, 11.234034841224004, 119.86738908905353, 15.344254941695842, 187.94862578175434, 8.215846152463948, 76.3467992302821, 15.89109328181603, 140.98539809813917, 1.6883356707091262, 98.4363736319801
10500, 24.90696611654933, 3547.4274282590018, 5.505365209240593, 948.1706537082213, 3521.505133098747, 230.53444541444347, -194.48257944144245, 244.42209275151723, 0.44638796481533527, 96.14246359789394, 56.01162323860907, 42.54576786987245, 105.61796985849193, 132.03141374300685, 13.91843615223532, 13.011542916292797, 11.452309160481411, 119.55858312157497, 15.29766584677512, 188.30211316519527, 8.113341403095218, 76.39118714369103, 15.848120157790015, 140.71120687966712, 1.706826785038945, 98.99558739552658
10600, 25.122314198490205, 3548.9486341879465, 5.521824281950195, 947.6193739082823, 3505.034050992518, 227.93785123609888, -193.79686218832822, 244.76984406532648, 0.4314984888544895, 96.11754439609027, 56.09812081392669, 42.54978019411591, 106.94135157365963, 131.81848891523583, 13.959765561286265, 13.040443492599893, 11.538038106480627, 118.7720136339774, 15.222123626611946, 188.24122703465778, 7.990073373413922, 76.23011901424573, 15.819651807559314, 140.58528086135158, 1.7463723772624107, 98.51902245140417
10700, 25.130755534676716, 3550.7769975848673, 5.549905050586276, 942.2673181877449, 3503.408554505631, 226.69308427038035, -193.63489602336412, 244.35073022699612, 0.4268366965074988, 96.38354568644661, 56.093414350229494, 42.55660707949673, 105.89324518552615, 131.87565464612473, 13.95798187822973, 12.974279771149552, 11.284830462954309, 117.99883259484517, 15.23638847607032, 188.00989000596488, 8.105632295446496, 76.13276286845714, 15.814747151768245, 140.8241365725044, 1.6806086183169358, 98.66760606406932
10800, 25.002840064861722, 3557.058876670763, 5.539916786890161, 942.3529111952638, 3520.4162202090065, 225.26654017946865, -195.8842969508196, 244.46974639206786, 0.4430643425181045, 96.51912062683164, 56.0867477549631, 42.501754492718774, 108.00570053345824, 131.71583040193806, 13.97996882790626, 13.060098271680932, 11.141912897472217, 116.87255031777424, 15.229597127379481, 188.2909910041537, 8.116004529465144, 76.2591955292537, 15.810955846140493, 141.04098232907887, 1.6581774830512037, 98.89301596189775
10900, 24.951097852619128, 3548.2725327680732, 5.526154295527835, 947.4364253068184, 3523.295875638418, 224.73631518764927, -195.73779486951793, 243.95879451604515, 0.4355427592213063, 96.37908656306564, 55.94503673397742, 42.38140118999658, 106.88385660124892, 132.25083809109407, 14.00196744008205, 13.073313919944225, 11.311334013901764, 118.56882004379224, 15.25110287568415, 188.29243906166226, 8.167889360653618, 76.36622323654811, 15.858884978959686, 141.03615415142337, 1.660495874706144, 98.32307154131546
11000, 24.990925221196846, 3547.4116414833393, 5.506774748084766, 945.7657890842329, 3522.3632140230707, 226.9163077125336, -195.893303618447, 243.71059424110422, 0.4469240599312786, 96.24984877535312, 56.0574754920015, 42.474288893279, 105.26441901917863, 132.33695208398535, 14.006804618656968, 13.035575612222193, 11.146694647117362, 120.54006951813099, 15.286058374974594, 188.69092049243685, 8.140207516965999, 76.36825357521542, 15.91380262217224, 140.95337607626377, 1.6804705967024511, 98.0919370317829
11100, 25.18688934877845, 3559.0834630287627, 5.471693760770368, 944.0694234260608, 3501.8724900739785, 227.7516812976612, -194.80109327181134, 243.2388062991466, 0.5282799997640636, 96.17505067363491, 56.21567533809609, 42.63693713046135, 104.23377022040356, 132.0601060316472, 13.954462347958797, 13.042732483226063, 11.214226517640268, 122.20494409060709, 15.24043557118538, 187.80613846297484, 8.184877127984848, 76.24264259695295, 15.824571304688986, 140.85518959602325, 1.6604230590504947, 98.79977581004495
11200, 25.247308428730456, 3556.9756284673076, 5.533052470291591, 945.9686970423994, 3497.577900285292, 229.6116008591239, -194.30928752135875, 244.23176501197955, 0.4771405760726557, 96.17382845601446, 56.273621113942, 42.62231187714806, 104.37788933097161, 132.8159277974205, 13.945569868380572, 13.00951612490048, 11.066380485915143, 118.11242269726694, 15.190601845568878, 187.96944488738552, 8.152015676628753, 76.00436518191907, 15.82368493627708, 140.96555043715605, 1.6845968489342231, 98.42749811894706
11300, 24.879643690297762, 3565.581134772795, 5.516905387761418, 948.5742505316352, 3525.4439293008195, 233.93653298512518, -194.67357178220158, 244.3089732948534, 0.470994310923218, 96.27065307764161, 56.09093976251029, 42.57968172368112, 103.97773900318768, 131.18824856769746, 13.940294191247144, 12.938752928639982, 10.975787649935144, 120.18720603737486, 15.120135398289607, 188.18652230291988, 8.12477473430759, 76.12809366254524, 15.850970495273446, 141.1926136900763, 1.6852626173410068, 98.2841310216889
11400, 24.849835664615025, 3563.5836801744576, 5.510825092339449, 944.4251037092802, 3535.217688726039, 231.9879081685065, -194.41116937547585, 244.01873356403252, 0.4900224759237723, 96.27378216634301, 56.03341415854807, 42.615726292069134, 103.38036009991467, 131.64231282014148, 13.926214056836786, 13.007316151210121, 11.074014949177025, 119.39347938819199, 15.16404364777103, 188.7582437468086, 8.177538232796474, 76.11859680600648, 15.815096426013723, 141.03419515654673, 1.6747411608461875, 97.52052114171991
11500, 24.792453997794297, 3571.9979870288375, 5.443265762489999, 948.4856378605114, 3539.965872832901, 231.84581300183703, -194.74763445613632, 244.10157925104681, 0.4869341909387791, 96.13247688286692, 56.07049304230047, 42.626354660506706, 104.07397401514527, 131.2955602371325, 14.05495226877987, 12.975799965164086, 11.05466286611998, 119.4125891958903, 15.0927385602097, 188.84405717219295, 8.283486080698157, 76.16229705741841, 15.836423481702798, 141.18895801552625, 1.65098689416595, 97.88515773900872
11600, 24.726446827577448, 3553.9852361628036, 5.448986840471422, 950.2591037422688, 3543.0503999709817, 234.70977456363005, -196.06435116755858, 244.07364455591258, 0.4719141413630467, 96.18242860852644, 56.24259149209865, 42.73044894768827, 104.2676144878646, 131.37777135366048, 13.968989490822262, 13.03536038408584, 11.01170294906509, 120.73309041809189, 15.192758979073387, 188.68435945688694, 8.382747777524198, 76.2953339285353, 15.880500464965143, 141.22438524171707, 1.6346050060764108, 97.36053067677206
11700, 24.529970472220967, 3541.9597373676515, 5.469351436014966, 948.1739461861142, 3560.854091433263, 233.1763161579986, -195.51158739335423, 244.2740334078809, 0.500026966298334, 96.29062295193974, 56.10005265250803, 42.51589068690454, 105.48304157398557, 133.00681000071413, 13.916340450251695, 13.034558357517527, 10.959783473976838, 121.41674486282383, 15.335717555840741, 188.3953726827876, 8.320635568252897, 76.36811289673572, 15.881582360956006, 141.07909961981497, 1.63385049885011, 97.70434062799195
11800, 24.555849586877972, 3544.0125190336935, 5.490683216882219, 954.5912173036264, 3551.8129625719985, 232.88128168908997, -196.47737314998096, 244.53358552659503, 0.4589334278887714, 96.23578990440187, 56.08793402663986, 42.37387206596753, 105.97027196926956, 133.7117395539967, 13.890541906963682, 13.086656195835475, 11.108078894929392, 120.4806814292542, 15.306969030821856, 188.98287712924264, 8.383053759795821, 76.27111740971966, 15.815287275909625, 141.09879533971596, 1.6347042386557822, 98.40102186120566
11900, 24.65147720033812, 3551.6708043563626, 5.48794624720572, 953.6011540465781, 3546.033584343009, 231.43756634470947, -194.98316496402984, 244.37629646875138, 0.3987504396953255, 96.16264176913782, 56.009557419275744, 42.31214741642245, 106.58190799565851, 134.14506110434237, 13.983688301423214, 13.022313388232877, 10.886186641806198, 119.17605570994785, 15.317689206209451, 188.9611829643865, 8.306652921554818, 76.37470026044288, 15.853855216379024, 140.51577946161885, 1.6233378835845085, 98.64916552434374
12000, 25.016619331387982, 3552.98957187151, 5.515299515401367, 948.5650201456747, 3519.8783715870554, 234.78979199324732, -195.62736054742118, 243.8353528717295, 0.4565222784195082, 96.19082926144824, 56.08397356382052, 42.4680300205354, 106.33589911820913, 134.1227364428468, 13.968411086948011, 13.079738771898565, 11.005148376192162, 120.17327916924015, 15.328570695625972, 189.1913866057642, 8.343652175164857, 76.49885292800272, 15.887240760963792, 140.78559773856563, 1.6171621650274275, 98.62623587621638
12100, 25.03765388973776, 3551.7882881271807, 5.488219898554961, 946.5679003919779, 3510.033047034351, 233.60132975008443, -195.87606178809529, 244.8849297480913, 0.48279428905926325, 96.13604939162678, 56.10018954280456, 42.359309900970096, 106.97963049251575, 132.14918910319426, 13.93484475087763, 13.138013195466733, 11.230288503013053, 122.22253118306206, 15.259532478036423, 189.35224744322858, 8.255064931072173, 76.28257504848952, 15.88160029493096, 140.7828748351824, 1.6341278736067477, 97.93897441721529
12200, 25.241883762522704, 3554.120160387447, 5.470590062502415, 945.8817352369645, 3512.440795379456, 228.03516300113353, -195.55250152392713, 246.09595738270502, 0.4422973479994769, 96.13321066300772, 56.14003007235191, 42.28020099639324, 106.53174461214637, 132.90212295654197, 14.011708853035287, 13.164393742085641, 11.281357804735507, 118.55284313115129, 15.228316296529291, 189.0048433976283, 8.356334958514244, 76.06150790555905, 15.84703551172154, 140.78812459484976, 1.618654198304962, 98.80505864650573
12300, 25.108831588867407, 3556.7628124199477, 5.437810430585333, 942.6523445878386, 3512.1842782466124, 227.46266131668665, -194.72767761779397, 245.31544525295288, 0.45352277053789336, 96.21572146345085, 56.12510510589404, 42.37886636199832, 104.8993861642175, 133.65373352459196, 14.106363165323474, 13.121505865097102, 11.403604200428553, 119.16592691787187, 15.242855365361462, 188.29056399862696, 8.356546975684203, 76.11931835054612, 15.888812336906607, 140.92207846550193, 1.6103083824844504, 98.08958046879827
12400, 24.875283228755194, 3551.409766416131, 5.423320561730538, 945.763085325995, 3521.962144583701, 227.1809615855673, -194.11594027510674, 244.50382660885137, 0.4341719044999234, 96.10518329227949, 56.16218243360238, 42.42259023038068, 104.81423016562148, 133.2438907130435, 14.09720440949812, 13.038098611338356, 11.128204131432817, 115.55796340806071, 15.17698083136981, 187.78294593974212, 8.150189891919114, 76.50615623755925, 15.892419865038088, 141.09906566594233, 1.6484120941053182, 98.33235373009418
12500, 25.18537703092351, 3544.113569391078, 5.452913667343198, 943.6371689055259, 3512.038403847127, 225.25229823707383, -194.29622974036522, 244.95851100600441, 0.48928089294114113, 96.4113467598803, 56.30053853082095, 42.45055454233446, 108.54903888004054, 132.4269322827672, 14.06976989569286, 13.042603066105205, 11.725088044250809, 115.08889326639647, 15.273210358873328, 187.29766931249824, 8.03334104033625, 76.54472471399144, 15.876030889032986, 141.22624099033564, 1.7121716872665842, 98.86681506890687
12600, 25.289082164892786, 3542.8104015452977, 5.46068200294999, 942.3858857467565, 3506.0873554414234, 229.3865440532229, -194.10219752920676, 245.07182396599887, 0.5113687289326796, 96.42190091227529, 56.2571322267402, 42.38634748136066, 108.57249596203921, 132.28434051495955, 14.111085688388945, 13.075399980897288, 11.819573823924241, 114.33765026827405, 15.32325208584244, 187.65805326232598, 8.050453130003605, 76.42725462065864, 15.889901067043075, 141.0600165532353, 1.683040901468317, 98.82805272554633
12700, 25.115785350731993, 3539.1929019229283, 5.464886661291893, 944.0279209525489, 3512.9390525845215, 231.88149480890178, -193.15914699098388, 245.2698348025004, 0.4600660181463807, 96.34428733074247, 56.1521596126288, 42.421682786761586, 110.47599536973638, 132.39773286882553, 14.056482230881233, 13.022744865646558, 11.677514897836314, 115.55337172200814, 15.286743139332467, 187.5152199306083, 8.086356943585592, 76.31421597166393, 15.835050272790898, 140.8282997616696, 1.6902485530142428, 98.8134000230518
12800, 25.255497059668624, 3540.267486702044, 5.471371962453701, 945.0556529056149, 3505.0099528515534, 230.40460316391528, -192.99121341049107, 244.9241467387447, 0.44492992799451136, 96.3167621271687, 56.111012392241605, 42.40312284272627, 108.43565531765304, 132.1348833600355, 13.951856334474485, 12.972779839269158, 11.124692698338011, 116.36660544086874, 15.3735676607313, 187.1415390954525, 8.044032709112926, 76.19143700418131, 15.835575582004829, 141.0118343374608, 1.6919549234121352, 98.5425849313257
12900, 25.183357990435706, 3535.389535839249, 5.487849689558677, 946.0773684781218, 3502.0534813604445, 228.9386843440222, -192.5843683339129, 244.2897343777442, 0.4261458651283614, 96.4461812825332, 56.068653947177495, 42.342660105446974, 106.38098962042952, 132.28021919681376, 13.928969563052199, 12.95393067729145, 11.050099269289717, 116.69850719430025, 15.375503371511869, 186.809510956929, 8.10137131034744, 76.2583308962705, 15.824925530570857, 140.88972965850914, 1.6843051657229005, 99.15603064245461
13000, 25.23796260460956, 3535.4864296625874, 5.536228889305233, 942.6506185493195, 3492.924321185301, 229.01073850485128, -192.42118069328671, 243.44082192790825, 0.4678367597658121, 96.41738866748288, 56.18658667610079, 42.31502774570874, 106.7457961233379, 132.83750163989356, 13.889263613974618, 12.905885324260618, 11.111553355103384, 115.23277099169206, 15.308684857554796, 186.9695373171713, 8.085347224131743, 76.13709207001777, 15.894330444556681, 140.99899187080402, 1.6902058185928628, 99.42529118604683
13100, 25.12466692198179, 3538.607569035441, 5.543981728749461, 943.8247273443033, 3502.809309357668, 233.25949670244984, -194.4492057936813, 243.44216458820944, 0.4707785602073695, 96.20829875834036, 56.22691348707657, 42.465148939708335, 106.50084082998596, 131.96193090231236, 13.97463203894398, 12.970852674888098, 11.263121404595989, 118.51760604082796, 15.265339669692102, 187.24837241565945, 8.198245590275036, 76.08378337211626, 15.877873113652841, 141.01250052159475, 1.6581771969600279, 99.51983663852661
13200, 24.97290434486265, 3546.0254255455293, 5.500896589429598, 944.1839027086768, 3516.9301673926416, 235.83229997049614, -194.13727099107592, 243.7570224496581, 0.47848465679408125, 96.14078734656263, 56.03199915102875, 42.49416240065733, 106.5044704123239, 131.27253699551554, 13.960352735610313, 13.014360619649732, 11.462849922145779, 117.76593816015824, 15.233947918622157, 187.63513383692649, 8.129615647703213, 76.3435015763499, 15.834771118272005, 141.33503962695653, 1.6297980404358177, 99.15104865126253
13300, 24.881513384933847, 3546.7122599346253, 5.51614184000354, 944.5638099473395, 3533.0371838321084, 235.05081656046937, -194.52158568798743, 244.16026988731974, 0.45543422482361073, 96.2687624880767, 55.994721025864195, 42.486589125105276, 106.43632203583107, 131.24031033532634, 13.91481998614448, 13.04907669775379, 11.388694875333872, 119.54838016572882, 15.258870241802526, 187.47400293055307, 8.017497969669378, 76.3798328225819, 15.827102470890061, 141.2191902475492, 1.6591556667507064, 99.284508189744
13400, 24.96828541286853, 3533.3423226791992, 5.504832711923489, 947.9856277126912, 3518.875205002855, 234.15018967587764, -194.81491145080204, 244.77202649323127, 0.4662855474898578, 96.19543242904372, 56.02840348432032, 42.422746348622766, 106.8287174338038, 131.2290041212064, 13.974048456703246, 13.056835899938998, 11.307690695163858, 121.43555397708492, 15.320508565470083, 188.19987088048808, 8.176993575113537, 76.56515708369182, 15.858423699851649, 141.14255753047894, 1.652181542105619, 99.53645171089407
13500, 25.009053162032007, 3528.086402720687, 5.484952117657229, 945.2428145513393, 3529.606544882369, 233.23659622882843, -193.79763584510926, 244.31901606276813, 0.4115125679958729, 96.12659592006074, 55.87951980619394, 42.25848320921763, 107.06837023500236, 132.4521519068782, 13.971868549827029, 13.037310844088951, 11.11857292515072, 122.06684563699153, 15.342428451658677, 188.09337690706155, 8.098673815030567, 76.3510735497407, 15.888139033053958, 141.38927563210873, 1.673736059211621, 99.53117436148796
13600, 25.04266760279171, 3523.392905077917, 5.472475740038296, 945.6618855223858, 3513.4497460518837, 233.074233229799, -194.80761904563693, 244.07028978630032, 0.38742517725994946, 96.05181656308125, 56.065168278882865, 42.424330898812784, 106.20450339080699, 132.82741121822332, 13.872149296485519, 13.060344159454754, 10.984994483484353, 120.94830577538335, 15.35161913719765, 188.22788980151827, 8.0028056495255, 76.36625005254733, 15.866528004199596, 141.30454755314273, 1.6931832554524315, 99.367728220999
13700, 25.104368466899597, 3534.7650098507147, 5.4954235241274505, 942.3813386125689, 3504.5611643065204, 230.3774982849603, -194.71767374771272, 243.0460076777837, 0.42866304312444836, 96.09953428590383, 56.10182382474961, 42.54994279869621, 105.1156546912147, 132.12151071279308, 13.87353092906644, 13.030631710063206, 11.259702852562551, 116.71822599262231, 15.273219331634099, 188.35644757789422, 8.019639679868005, 76.45762512604531, 15.87551576783466, 141.10267914701416, 1.6836202326873986, 98.82257032002184