,wave,flux
0,4400,1.0471709730609744
1,4401,1.042015591130328
2,4402,1.0334430900914056
3,4403,1.0253440813221362
4,4404,1.0176075394425217
5,4405,1.0094707774434397
6,4406,1.0027218203883803
7,4407,1.0012100820420287
8,4408,1.0065835443312998
9,4409,1.017227178693755
10,4410,1.0310313950025594
11,4411,1.046029938903943
12,4412,1.0586581629143663
13,4413,1.0646699751310493
14,4414,1.0619337748953013
15,4415,1.0517643586561143
16,4416,1.0390004310557814
17,4417,1.0304964378227703
18,4418,1.0308128503537561
19,4419,1.0388896185965109
20,4420,1.049768929826996
21,4421,1.0583177051550339
22,4422,1.0615913516183118
23,4423,1.0597097037982532
24,4424,1.0553060598333848
25,4425,1.0513223448243554
26,4426,1.0488502988221673
27,4427,1.0473150110582257
28,4428,1.0461041505212096
29,4429,1.0451244601808232
30,4430,1.0442022724550908
31,4431,1.0427118585791568
32,4432,1.0402018116650047
33,4433,1.0364868826299967
34,4434,1.0313886604547116
35,4435,1.0260613157508864
36,4436,1.024097589150585
37,4437,1.0294491146502072
38,4438,1.0424672292585369
39,4439,1.0582859362064658
40,4440,1.0696008842987563
41,4441,1.0714002572973407
42,4442,1.0639745166920065
43,4443,1.0525356547152933
44,4444,1.0440255220523933
45,4445,1.043321940228065
46,4446,1.050965065352427
47,4447,1.063231937072272
48,4448,1.0747247597188425
49,4449,1.081862681243984
50,4450,1.0837825502320535
51,4451,1.080844090277761
52,4452,1.0737159242811856
53,4453,1.063197143270369
54,4454,1.0498960550526482
55,4455,1.0347999297167152
56,4456,1.0203026872950052
57,4457,1.0096299293091051
58,4458,1.004388542564539
59,4459,1.003181715588492
60,4460,1.0036049194581897
61,4461,1.0048626887617917
62,4462,1.0078401129485264
63,4463,1.0137468516995725
64,4464,1.0228745764853886
65,4465,1.0332668966236858
66,4466,1.0412669544682824
67,4467,1.0445422994973164
68,4468,1.0436098491094048
69,4469,1.0405519640729368
70,4470,1.0377902591580355
71,4471,1.038073842805648
72,4472,1.0438050366821867
73,4473,1.0554575744184738
74,4474,1.071159287600671
75,4475,1.0877363078544848
76,4476,1.1019227486385386
77,4477,1.1111917464819292
78,4478,1.1138253835202674
79,4479,1.1085669704328736
80,4480,1.0953962401016686
81,4481,1.0773988470079745
82,4482,1.0609603039843876
83,4483,1.0530466835405905
84,4484,1.0573616141652225
85,4485,1.071769446781074
86,4486,1.089070721524934
87,4487,1.1013958590106108
88,4488,1.104539452828938
89,4489,1.0991979567800145
90,4490,1.089567970228702
91,4491,1.080756841310245
92,4492,1.0759250369104425
93,4493,1.0746855496746197
94,4494,1.0742969696557378
95,4495,1.0728529906067872
96,4496,1.0714198577665512
97,4497,1.0728841123272135
98,4498,1.0788151728448871
99,4499,1.0879592935145124
100,4500,1.0975742882022699
101,4501,1.1057843016728897
102,4502,1.1129369960560118
103,4503,1.121088139340784
104,4504,1.1316489278812027
105,4505,1.1430877370728498
106,4506,1.1517962733186438
107,4507,1.1553694307948832
108,4508,1.154263696125967
109,4509,1.1506805978019436
110,4510,1.1466489436999319
111,4511,1.142869865744116
112,4512,1.1386697389520861
113,4513,1.1330068667509774
114,4514,1.125828669407372
115,4515,1.118275561160584
116,4516,1.1117642895514717
117,4517,1.107259100352001
118,4518,1.1050015408940093
119,4519,1.1046745610937663
120,4520,1.1056936381493645
121,4521,1.1068132157129815
122,4522,1.1058761539673294
123,4523,1.1008302843319338
124,4524,1.0912427049646598
125,4525,1.0785266232391497
126,4526,1.0643568823923428
127,4527,1.0498108436741083
128,4528,1.0362646848637023
129,4529,1.025764777601272
130,4530,1.019973827156797
131,4531,1.019000947645621
132,4532,1.0212064292395944
133,4533,1.0242880277605364
134,4534,1.0268523544755785
135,4535,1.0296348121033694
136,4536,1.0355135582611683
137,4537,1.0472007788210402
138,4538,1.0639939892235382
139,4539,1.0809685996544929
140,4540,1.0924395654735786
141,4541,1.096344335681148
142,4542,1.0948487479728128
143,4543,1.0914658791238612
144,4544,1.088135718442751
145,4545,1.0845427578550777
146,4546,1.0798200801624112
147,4547,1.0741414494360824
148,4548,1.06820336866764
149,4549,1.0621373170908812
150,4550,1.0559070575206164
151,4551,1.050370879161484
152,4552,1.046735116454819
153,4553,1.0450499392520713
154,4554,1.0445553812405255
155,4555,1.0454833043417953
156,4556,1.0494630317390161
157,4557,1.0581177212628183
158,4558,1.0712274417771814
159,4559,1.086059260773848
160,4560,1.0987362708004251
161,4561,1.1064734438047403
162,4562,1.1085671241534816
163,4563,1.1058091098929395
164,4564,1.0998490766078428
165,4565,1.0933507758297347
166,4566,1.0896402248136146
167,4567,1.0909295940838122
168,4568,1.096551403993828
169,4569,1.103087455626321
170,4570,1.1068393694870609
171,4571,1.1064897680624983
172,4572,1.1035348827914988
173,4573,1.101014342026295
174,4574,1.101398745915327
175,4575,1.1043935502103794
176,4576,1.1072396455737286
177,4577,1.1073325631459903
178,4578,1.1036316402201165
179,4579,1.0963175181694993
180,4580,1.0864192953216505
181,4581,1.0757577542337753
182,4582,1.0666555695170445
183,4583,1.0609887220066523
184,4584,1.0591604851804042
185,4585,1.060451791468103
186,4586,1.0644107897866444
187,4587,1.0711408172697654
188,4588,1.0801635614584404
189,4589,1.0894301814957803
190,4590,1.0958626091360308
191,4591,1.097298320074347
192,4592,1.093976065669168
193,4593,1.0881853392489487
194,4594,1.0827151450140247
195,4595,1.0794028556897746
196,4596,1.078602839239158
197,4597,1.0795414434007338
198,4598,1.081003389098391
199,4599,1.0819499841329272
200,4600,1.081776806823728
201,4601,1.0802771783288367
202,4602,1.0780122803066037
203,4603,1.0764441025221507
204,4604,1.0769429545032558
205,4605,1.0800321965916435
206,4606,1.0856747793823458
207,4607,1.0937008529478107
208,4608,1.1037097199233035
209,4609,1.1145917909195058
210,4610,1.1243097323516942
211,4611,1.1306414603349062
212,4612,1.1326765918160242
213,4613,1.1315806147594782
214,4614,1.129577800469718
215,4615,1.1284185443431043
216,4616,1.1284862970796001
217,4617,1.1289123204773772
218,4618,1.1288221060388368
219,4619,1.1282111046012224
220,4620,1.127654727206183
221,4621,1.1280638853025635
222,4622,1.1299831954104445
223,4623,1.132617134537644
224,4624,1.1345495160123222
225,4625,1.1350497634203904
226,4626,1.1339366289386508
227,4627,1.1314208096023233
228,4628,1.1283479003600378
229,4629,1.1255172482425388
230,4630,1.1230350708057806
231,4631,1.1209286805187548
232,4632,1.1193901549640186
233,4633,1.1178677623997082
234,4634,1.1151724016305513
235,4635,1.110906083767657
236,4636,1.1059126635661993
237,4637,1.1013174401308494
238,4638,1.0978511682410574
239,4639,1.095998374109594
240,4640,1.0961295441404761
241,4641,1.0982372284965072
242,4642,1.1015101833370353
243,4643,1.1038593333566935
244,4644,1.102447964101314
245,4645,1.0958048823303486
246,4646,1.0851910520828947
247,4647,1.0738511497556962
248,4648,1.0655105220167462
249,4649,1.0628840681958336
250,4650,1.0663902581444162
251,4651,1.074026613898668
252,4652,1.0825531809488629
253,4653,1.0891308979925325
254,4654,1.0923983807955935
255,4655,1.0926775589812778
256,4656,1.091887495447877
257,4657,1.0929063325942414
258,4658,1.0978983765911676
259,4659,1.1067432338995884
260,4660,1.1167521807897498
261,4661,1.1238511532553628
262,4662,1.1247183545715376
263,4663,1.118368428018173
264,4664,1.1061153688217529
265,4665,1.0903771854925255
266,4666,1.0734855027387376
267,4667,1.0573438664981134
268,4668,1.0441813624385468
269,4669,1.037049243733271
270,4670,1.0383070507703662
271,4671,1.0473737530842657
272,4672,1.0608205683639103
273,4673,1.0747077439269128
274,4674,1.0865528048052884
275,4675,1.0956911098448314
276,4676,1.102415232885458
277,4677,1.1067730342718587
278,4678,1.1080484060908962
279,4679,1.1055633676348333
280,4680,1.1000460123221785
281,4681,1.0937498038674178
282,4682,1.0891405224954132
283,4683,1.0877429464192159
284,4684,1.0897232168067152
285,4685,1.0938135441228585
286,4686,1.0979424870460361
287,4687,1.100489085996306
288,4688,1.10097532775116
289,4689,1.099908777679171
290,4690,1.0983018048668152
291,4691,1.0970539840597873
292,4692,1.0967059850389662
293,4693,1.097673012454337
294,4694,1.1000379807088865
295,4695,1.1030112040962259
296,4696,1.1051039457426763
297,4697,1.1048652031135866
298,4698,1.101478971914958
299,4699,1.0951835833036445
300,4700,1.0873466750589935
301,4701,1.07973120197975
302,4702,1.0733870157902436
303,4703,1.0684610810017026
304,4704,1.06504176552576
305,4705,1.063489894759371
306,4706,1.0635970124774987
307,4707,1.0641068280791768
308,4708,1.0639339472427285
309,4709,1.063444853038973
310,4710,1.0639261379516611
311,4711,1.0661598690482714
312,4712,1.0697697442487555
313,4713,1.073582345741296
314,4714,1.0766252906705147
315,4715,1.079216507150007
316,4716,1.0830227285199396
317,4717,1.089610984078548
318,4718,1.098696020333111
319,4719,1.108162175300507
320,4720,1.1158750117286131
321,4721,1.120874652049097
322,4722,1.1231318516520519
323,4723,1.1231116996713035
324,4724,1.1215259626705665
325,4725,1.1186969731638472
326,4726,1.1139622932437836
327,4727,1.106134660740183
328,4728,1.0950102944539215
329,4729,1.0824855593519638
330,4730,1.07183235802334
331,4731,1.0655445233546257
332,4732,1.0640188290013666
333,4733,1.06606550207751
334,4734,1.0701154589269994
335,4735,1.0750706424481469
336,4736,1.080350514773468
337,4737,1.0854320086186233
338,4738,1.089915679584033
339,4739,1.0937610235750541
340,4740,1.0967429839499165
341,4741,1.0983045097946733
342,4742,1.0985397253454723
343,4743,1.0986454422949834
344,4744,1.0999979536508135
345,4745,1.1030846392096563
346,4746,1.1073243477378476
347,4747,1.111631030111656
348,4748,1.1149230910228147
349,4749,1.1163710726944913
350,4750,1.1156166028702872
351,4751,1.1128230327140547
352,4752,1.1083646659038249
353,4753,1.1026021434431157
354,4754,1.0960806747261174
355,4755,1.0897263964726018
356,4756,1.0845813078989175
357,4757,1.0812585306920193
358,4758,1.0796178363371447
359,4759,1.0788686573040618
360,4760,1.077826582095808
361,4761,1.075116744013006
362,4762,1.0695412545914011
363,4763,1.060917110491941
364,4764,1.050779504006535
365,4765,1.0418123678127786
366,4766,1.0363869740355778
367,4767,1.0357661117123262
368,4768,1.040042442136268
369,4769,1.0480143021125619
370,4770,1.0573873590753102
371,4771,1.065802877573518
372,4772,1.0718673362508784
373,4773,1.075639500078489
374,4774,1.0784374633747822
375,4775,1.0816734668180237
376,4776,1.0854656430716847
377,4777,1.0886222282648763
378,4778,1.0900245283932009
379,4779,1.0894390864301426
380,4780,1.0870992287156243
381,4781,1.08338481492182
382,4782,1.078948574105389
383,4783,1.0744933040612885
384,4784,1.0703596721145796
385,4785,1.0666433857979858
386,4786,1.0634390947177528
387,4787,1.060717449814923
388,4788,1.0585281066435734
389,4789,1.0574416266360704
390,4790,1.0582641558575991
391,4791,1.0614502730975501
392,4792,1.0670323346676935
393,4793,1.0746248027137406
394,4794,1.083220121956547
395,4795,1.0912125664184562
396,4796,1.0968082739067078
397,4797,1.0986531900410599
398,4798,1.0965260602178057
399,4799,1.0915492784023255
400,4800,1.0857228352803898
401,4801,1.0811180005600922
402,4802,1.0789968654823994
403,4803,1.0792230054895238
404,4804,1.0803974960234277
405,4805,1.0807086869399956
406,4806,1.0791007161213604
407,4807,1.0760313886373576
408,4808,1.0729780376425337
409,4809,1.0712389651022938
410,4810,1.071291258898639
411,4811,1.072905756144693
412,4812,1.0754727012722323
413,4813,1.0783831919060554
414,4814,1.0813632872880365
415,4815,1.0845327252446424
416,4816,1.0881914991569417
417,4817,1.0924313012415994
418,4818,1.096756500107111
419,4819,1.1000462446409918
420,4820,1.1010660538533439
421,4821,1.099134736696061
422,4822,1.0943769700040802
423,4823,1.0875295143002253
424,4824,1.0797336861422981
425,4825,1.0725999269799447
426,4826,1.0680303204035042
427,4827,1.067069070217206
428,4828,1.0689004948817131
429,4829,1.0713645808252514
430,4830,1.072578512869862
431,4831,1.0720270675858599
432,4832,1.0703167658061652
433,4833,1.0683980795741856
434,4834,1.0671842927866009
435,4835,1.0671990772551658
436,4836,1.0679600773498614
437,4837,1.0681336250687319
438,4838,1.0666872376275998
439,4839,1.0636092310500562
440,4840,1.0595255654053917
441,4841,1.0553265039470765
442,4842,1.0521479470054265
443,4843,1.0508922001903322
444,4844,1.0515413149944144
445,4845,1.0532651985803727
446,4846,1.0550364937357286
447,4847,1.055935885386302
448,4848,1.0552951985468615
449,4849,1.0530219939906114
450,4850,1.0498010780243758
451,4851,1.0464782768659475
452,4852,1.0428454988377887
453,4853,1.0373383329502008
454,4854,1.0281299426792065
455,4855,1.0141161387637425
456,4856,0.9950302805727662
457,4857,0.9713386607393345
458,4858,0.9440092830149369
459,4859,0.914095878592306
460,4860,0.8830930422353704
461,4861,0.8540734075413544
462,4862,0.8320749624650203
463,4863,0.8227621277748907
464,4864,0.829486032112951
465,4865,0.8507519148231806
466,4866,0.8806552267005343
467,4867,0.9120824537221867
468,4868,0.9394623369154249
469,4869,0.9596069424679672
470,4870,0.9717417270302213
471,4871,0.976986786138329
472,4872,0.9776279463773324
473,4873,0.9768522937286229
474,4874,0.9780997498661328
475,4875,0.9833094846838446
476,4876,0.9919200719134043
477,4877,1.0019349332182932
478,4878,1.0116599591261233
479,4879,1.0202580992408883
480,4880,1.0273894668500574
481,4881,1.0325901677557578
482,4882,1.0348489594969759
483,4883,1.0333638100842448
484,4884,1.0286117967530157
485,4885,1.0221058376086658
486,4886,1.0153140948342325
487,4887,1.0091097159514626
488,4888,1.0039128315964234
489,4889,0.9999432037100273
490,4890,0.997467767840903
491,4891,0.9970710404773266
492,4892,0.9999234547978634
493,4893,1.007745467420309
494,4894,1.021609692986582
495,4895,1.0401017940503745
496,4896,1.059150670955237
497,4897,1.0742138609745906
498,4898,1.082581634216889
499,4899,1.0840732483078983
500,4900,1.0802213794860718
501,4901,1.0733472016447299
502,4902,1.0660844678502384
503,4903,1.0606491869998176
504,4904,1.0579859544844323
505,4905,1.057807116879939
506,4906,1.0592991742655817
507,4907,1.0613036518022059
508,4908,1.0621128442144454
509,4909,1.0601748353736626
510,4910,1.0553521064984146
511,4911,1.0491763483755645
512,4912,1.0440179455439553
513,4913,1.041879343300328
514,4914,1.0432558959578888
515,4915,1.046557489666477
516,4916,1.0486679310861486
517,4917,1.0463109059222884
518,4918,1.0374251304983824
519,4919,1.0221373095316473
520,4920,1.0030907570909604
521,4921,0.9848992586200913
522,4922,0.9723712175514951
523,4923,0.9684365672075366
524,4924,0.973021019888989
525,4925,0.9838497152131558
526,4926,0.9985564992135794
527,4927,1.0157122624637058
528,4928,1.0339461267412802
529,4929,1.0509541133242437
530,4930,1.0640242330010459
531,4931,1.0712007613923515
532,4932,1.0719104047104677
533,4933,1.0669556872654287
534,4934,1.058048373178141
535,4935,1.0474327216924497
536,4936,1.0376038654945539
537,4937,1.0302809778271507
538,4938,1.025611790149217
539,4939,1.0230525020728614
540,4940,1.022985110436288
541,4941,1.0268791072314067
542,4942,1.0355135797201345
543,4943,1.0474343327817865
544,4944,1.0595856180630459
545,4945,1.0692874930147829
546,4946,1.0754632966302546
547,4947,1.0786777586260294
548,4948,1.080456027558915
549,4949,1.082198536170769
550,4950,1.0842878247676855
551,4951,1.0860572498584178
552,4952,1.0864295169309681
553,4953,1.0843311130393138
554,4954,1.078740422861427
555,4955,1.0691292653702624
556,4956,1.056354333299583
557,4957,1.042760958309557
558,4958,1.0312766501287896
559,4959,1.0248558599342381
560,4960,1.0257617250914146
561,4961,1.0338757482790921
562,4962,1.0456414988623617
563,4963,1.0559601646932364
564,4964,1.0614763152154403
565,4965,1.0617505811450627
566,4966,1.0581956000602906
567,4967,1.0528625307031851
568,4968,1.0478857730130602
569,4969,1.0449348045420375
570,4970,1.0447949809319352
571,4971,1.0473489164101533
572,4972,1.0519476198630935
573,4973,1.057745044064119
574,4974,1.0635557485823415
575,4975,1.0677949813006244
576,4976,1.0690360483210222
577,4977,1.0665685654355634
578,4978,1.06035472048386
579,4979,1.0509630083609225
580,4980,1.0399133548802155
581,4981,1.0287009250766026
582,4982,1.016643523346214
583,4983,1.004290588421121
584,4984,0.9933890537096517
585,4985,0.9865740473104099
586,4986,0.9858951320882835
587,4987,0.9916025444132137
588,4988,1.0018908667680084
589,4989,1.0124908100891916
590,4990,1.02057884595454
591,4991,1.0251312955105076
592,4992,1.0268261795176878
593,4993,1.027547601770767
594,4994,1.0289616164076216
595,4995,1.031394020253702
596,4996,1.0340939124219444
597,4997,1.0358814434943824
598,4998,1.0354201595781227
599,4999,1.0317335212954333
600,5000,1.0248954668830779
601,5001,1.0161796278276474
602,5002,1.0074488749511494
603,5003,1.0000013141945778
604,5004,0.9940851956654809
605,5005,0.9895062810629188
606,5006,0.9862774631151545
607,5007,0.9846868686017297
608,5008,0.9852199082699971
609,5009,0.9881751411856576
610,5010,0.9925166558263647
611,5011,0.9955284616454386
612,5012,0.9944394605213501
613,5013,0.9883709633528702
614,5014,0.9789227471249567
615,5015,0.9691362706295884
616,5016,0.9619382379756433
617,5017,0.9588661718048388
618,5018,0.9594045531746787
619,5019,0.96175219468435
620,5020,0.9646760640750109
621,5021,0.9684326350282851
622,5022,0.9737129792392796
623,5023,0.9803664855424071
624,5024,0.9875415820884416
625,5025,0.99444941483675
626,5026,1.0004983800365168
627,5027,1.0052488946258427
628,5028,1.008711393550868
629,5029,1.0116253328171163
630,5030,1.0152493838574081
631,5031,1.020327562693796
632,5032,1.0261604542042742
633,5033,1.0309129855157344
634,5034,1.032673199372799
635,5035,1.0302725467155072
636,5036,1.023379042418647
637,5037,1.0124713631742321
638,5038,0.9990655143928422
639,5039,0.9853207513512985
640,5040,0.9730961772921921
641,5041,0.9637140727723746
642,5042,0.9586322332717792
643,5043,0.9597512399737966
644,5044,0.9680597469650304
645,5045,0.9818664299545088
646,5046,0.9970355780315794
647,5047,1.0089781999014753
648,5048,1.0147199183013327
649,5049,1.0138069810585673
650,5050,1.0082511625582775
651,5051,1.0016399336911403
652,5052,0.9974977121062735
653,5053,0.9977223024026686
654,5054,1.0021567159530154
655,5055,1.0094129170030335
656,5056,1.017676248573769
657,5057,1.0252786098421947
658,5058,1.0313315594607
659,5059,1.0358739094230796
660,5060,1.0391994163623657
661,5061,1.0411699571976936
662,5062,1.0411189831561387
663,5063,1.0383104888126238
664,5064,1.0326362963773792
665,5065,1.0248699968314103
666,5066,1.016400627774551
667,5067,1.0089212252387219
668,5068,1.003796323247772
669,5069,1.0012166819304684
670,5070,1.000307091950662
671,5071,1.0003737874849217
672,5072,1.000868225280865
673,5073,1.00116194796687
674,5074,1.0009697169952285
675,5075,1.0004559058829379
676,5076,0.9992565565365343
677,5077,0.9961665318995953
678,5078,0.99052346982197
679,5079,0.9831171219705231
680,5080,0.9753523107264538
681,5081,0.9684524698178771
682,5082,0.9636439957600629
683,5083,0.9625548586788235
684,5084,0.9661410843762543
685,5085,0.9737192274624247
686,5086,0.9834009944040291
687,5087,0.9932045731390893
688,5088,1.0016801028169433
689,5089,1.0081058454535525
690,5090,1.0126462060963868
691,5091,1.016007012179299
692,5092,1.0186549127334326
693,5093,1.020464297071451
694,5094,1.020824230716703
695,5095,1.0187617965203104
696,5096,1.0134810265176968
697,5097,1.0053354468743378
698,5098,0.9960516796724843
699,5099,0.9877319935464297
700,5100,0.9819671771425882
701,5101,0.9796694316701489
702,5102,0.980881786854535
703,5103,0.984355895267587
704,5104,0.9877748142925179
705,5105,0.9889457325703236
706,5106,0.9869701703186461
707,5107,0.9824296443682641
708,5108,0.9767849195914654
709,5109,0.9718470232546798
710,5110,0.9693331922025243
711,5111,0.970174480098894
712,5112,0.9743307676576742
713,5113,0.981179571812755
714,5114,0.9896445987691518
715,5115,0.9982487752419874
716,5116,1.005459373099899
717,5117,1.010113584094179
718,5118,1.0117004800227982
719,5119,1.010308404682314
720,5120,1.006182375725735
721,5121,0.9994873366171843
722,5122,0.9905689155478401
723,5123,0.9802079099985173
724,5124,0.9695164609080547
725,5125,0.9597409540634835
726,5126,0.9521393302606732
727,5127,0.9475638286847949
728,5128,0.9461045588596095
729,5129,0.9471772507488816
730,5130,0.9499199517433933
731,5131,0.9536691899917575
732,5132,0.95816600657916
733,5133,0.9631395323330985
734,5134,0.9677229702565842
735,5135,0.9707614807860154
736,5136,0.9716505060484868
737,5137,0.97051484990968
738,5138,0.9676949199092468
739,5139,0.9634752613276355
740,5140,0.9584114360609874
741,5141,0.9536711507583622
742,5142,0.9505564788692863
743,5143,0.9493609231515261
744,5144,0.9493143386043109
745,5145,0.9497098063375538
746,5146,0.9503029524222469
747,5147,0.950870917184423
748,5148,0.9511526960877088
749,5149,0.951183855358779
750,5150,0.9512045276133749
751,5151,0.951140698082039
752,5152,0.9506021044964843
753,5153,0.9495748522918279
754,5154,0.9488283397199965
755,5155,0.9496210449143727
756,5156,0.9530540595229797
757,5157,0.9593420135031765
758,5158,0.9674403845140416
759,5159,0.9753904333917202
760,5160,0.9811108089795013
761,5161,0.9830760591590735
762,5162,0.9804877103052689
763,5163,0.9728799468943337
764,5164,0.9600641301742702
765,5165,0.9425743430158802
766,5166,0.9218038231452836
767,5167,0.8998133681847972
768,5168,0.8791170595269239
769,5169,0.8623694675191271
770,5170,0.8516704315254189
771,5171,0.8477779801588432
772,5172,0.8499153313974561
773,5173,0.8565448285388501
774,5174,0.8669659127607227
775,5175,0.881910717763967
776,5176,0.9016614824273372
777,5177,0.9237210603183682
778,5178,0.9432295161618696
779,5179,0.9555779555083419
780,5180,0.9582533151508782
781,5181,0.951394889934412
782,5182,0.937647000904144
783,5183,0.9212637661505344
784,5184,0.9069191001651902
785,5185,0.8987551556238456
786,5186,0.8995507141991226
787,5187,0.9094153831785514
788,5188,0.9247992300033692
789,5189,0.9398936758396337
790,5190,0.9499336501010377
791,5191,0.9533830844928143
792,5192,0.9513656959937604
793,5193,0.9460161210408184
794,5194,0.9400926798566929
795,5195,0.9366940436436959
796,5196,0.9375641930741326
797,5197,0.9420918375688903
798,5198,0.9484950307406168
799,5199,0.9551903483702198
800,5200,0.9609136116056396
801,5201,0.9643760348651453
802,5202,0.9643065549298764
803,5203,0.9599855361401748
804,5204,0.9516377141198022
805,5205,0.9402033866780417
806,5206,0.9271643084448264
807,5207,0.9148628967567001
808,5208,0.9062965609850202
809,5209,0.9037862046425806
810,5210,0.9078665589609374
811,5211,0.9175753168733285
812,5212,0.9310612269385287
813,5213,0.9457394460861288
814,5214,0.9586504687160138
815,5215,0.9674538462509309
816,5216,0.9715828987966604
817,5217,0.9725708960576763
818,5218,0.9731291275234504
819,5219,0.9754801795856529
820,5220,0.9800391486543293
821,5221,0.9852582057217366
822,5222,0.9884825605318364
823,5223,0.9871717418650634
824,5224,0.9800194818369425
825,5225,0.9676945521420199
826,5226,0.9528796478060969
827,5227,0.9392693266239198
828,5228,0.9302008453208059
829,5229,0.927849208040612
830,5230,0.9323044590597906
831,5231,0.9409567182098579
832,5232,0.9498272862746979
833,5233,0.9559356530347989
834,5234,0.9587312346733663
835,5235,0.9600766559761321
836,5236,0.9627245180994453
837,5237,0.9682286595795104
838,5238,0.9759671429879728
839,5239,0.9840057634115277
840,5240,0.9906861209786773
841,5241,0.9954519936241193
842,5242,0.9985561813030804
843,5243,1.0002428672423336
844,5244,1.0002980253553266
845,5245,0.9983256066778449
846,5246,0.9941833690859431
847,5247,0.9880277964660227
848,5248,0.9804291368478038
849,5249,0.9726847342581613
850,5250,0.9663178710368888
851,5251,0.9619727273068319
852,5252,0.9595733488433627
853,5253,0.9593052286378121
854,5254,0.9615132794238841
855,5255,0.9658761944777561
856,5256,0.9714755893229974
857,5257,0.9775815338663837
858,5258,0.9835494957150985
859,5259,0.987861931021482
860,5260,0.9881609540881195
861,5261,0.9824603202225952
862,5262,0.9701763177774119
863,5263,0.952468952165652
864,5264,0.9319635579862674
865,5265,0.9119055636821221
866,5266,0.8950307662702234
867,5267,0.8827334444456413
868,5268,0.8752444690437566
869,5269,0.8721824516966885
870,5270,0.8725958130008121
871,5271,0.87568395034456
872,5272,0.8818964122545868
873,5273,0.8920982483165136
874,5274,0.9055922206452152
875,5275,0.9200102297174293
876,5276,0.9330578881176519
877,5277,0.9440330927613525
878,5278,0.9536051488495951
879,5279,0.9622271059136204
880,5280,0.9690122070592111
881,5281,0.9723336920257569
882,5282,0.9716413484491621
883,5283,0.9685049800527037
884,5284,0.9658258022110546
885,5285,0.9662759928813873
886,5286,0.971261344463922
887,5287,0.9804568560256159
888,5288,0.991838970387005
889,5289,1.0025735611437727
890,5290,1.0104795865332425
891,5291,1.0148219039591062
892,5292,1.0159041999881833
893,5293,1.0140568239780565
894,5294,1.009228449606028
895,5295,1.001443291654788
896,5296,0.9912561151178564
897,5297,0.9797351811541803
898,5298,0.9683819790553378
899,5299,0.9591416726743782
900,5300,0.9540950226232346
901,5301,0.9544735570328683
902,5302,0.9596467756582832
903,5303,0.9675616983238324
904,5304,0.9762665945076063
905,5305,0.9846643878017813
906,5306,0.9920779348355986
907,5307,0.9978501217584184
908,5308,1.0016266875558504
909,5309,1.003861861108025
910,5310,1.0055597266314003
911,5311,1.0072778222615288
912,5312,1.0086350078320279
913,5313,1.0087648322234122
914,5314,1.0070212815735031
915,5315,1.0034557479307977
916,5316,0.9988832278706672
917,5317,0.9943733217803751
918,5318,0.9906139418217371
919,5319,0.9877980130640436
920,5320,0.9857765464170432
921,5321,0.984024411050876
922,5322,0.9816311290929312
923,5323,0.9776031155214946
924,5324,0.971118529308912
925,5325,0.9616505964910789
926,5326,0.9496172591293087
927,5327,0.9368197564654088
928,5328,0.9254847941770822
929,5329,0.9172928417774591
930,5330,0.9137374970280275
931,5331,0.9164676951124564
932,5332,0.9261047333620327
933,5333,0.9408033984101206
934,5334,0.9565857763813981
935,5335,0.9694750997179716
936,5336,0.9774148507257484
937,5337,0.9802003420619952
938,5338,0.9786262083359977
939,5339,0.9740865042993232
940,5340,0.9682472502291608
941,5341,0.9625907595026966
942,5342,0.9584632019312042
943,5343,0.9571726762101795
944,5344,0.9591730962744629
945,5345,0.9632229753115504
946,5346,0.9670110668979293
947,5347,0.9689127441378317
948,5348,0.969067572823658
949,5349,0.9688256996909286
950,5350,0.9695643645089742
951,5351,0.9722000119368444
952,5352,0.977136581098514
953,5353,0.9840303814289821
954,5354,0.9917766678197667
955,5355,0.9992007457204439
956,5356,1.0057800327485094
957,5357,1.0113851968847005
958,5358,1.0154187192484025
959,5359,1.0167553194380146
960,5360,1.014593755080972
961,5361,1.009086889692219
962,5362,1.001207452760333
963,5363,0.9922877920649946
964,5364,0.9837137290669793
965,5365,0.9764812000638514
966,5366,0.9707204949075812
967,5367,0.9657834728744997
968,5368,0.9608031717225116
969,5369,0.9552563103410692
970,5370,0.9492994492604608
971,5371,0.9439363518648383
972,5372,0.9410187839408741
973,5373,0.942641448903646
974,5374,0.9498828197531521
975,5375,0.9617062130780567
976,5376,0.9751019869771052
977,5377,0.986678045344378
978,5378,0.9942977416917578
979,5379,0.9976974868094197
980,5380,0.9978504399297123
981,5381,0.9959186341297348
982,5382,0.9928127420341963
983,5383,0.9893023984427876
984,5384,0.9861436407168687
985,5385,0.9840378199242859
986,5386,0.9833673874155586
987,5387,0.9837098405953275
988,5388,0.9837699677113456
989,5389,0.9821185881046125
990,5390,0.9780915093854532
991,5391,0.9721412659620248
992,5392,0.9654553470660728
993,5393,0.9590343280199769
994,5394,0.953101503932041
995,5395,0.9475459998813822
996,5396,0.9425884056967178
997,5397,0.9387123746137713
998,5398,0.9364210660104639
999,5399,0.9363638440145311
1000,5400,0.9389258771309759
1001,5401,0.9431456379214946
1002,5402,0.9467235510065906
1003,5403,0.9474859784083655
1004,5404,0.9445288607580182
1005,5405,0.93825310791028
1006,5406,0.930066686511462
1007,5407,0.9222314649256166
1008,5408,0.9172777003290147
1009,5409,0.9168104346232985
1010,5410,0.9205647422270615
1011,5411,0.9269667132722307
1012,5412,0.9346670401906183
1013,5413,0.9431458627570836
1014,5414,0.9520648909600974
1015,5415,0.9605076580072083
1016,5416,0.9671304867263704
1017,5417,0.9711301393302408
1018,5418,0.9727520963009695
1019,5419,0.9727013341088676
1020,5420,0.9713373617504438
1021,5421,0.968696611445407
1022,5422,0.9651222550472134
1023,5423,0.9614200813644131
1024,5424,0.958230437554551
1025,5425,0.9555538952404523
1026,5426,0.9531021473473036
1027,5427,0.9507869776075375
1028,5428,0.9485519656923292
1029,5429,0.9458170312618852
1030,5430,0.9415415939950753
1031,5431,0.9354479508723574
1032,5432,0.9288842766452876
1033,5433,0.9237419623026115
1034,5434,0.9209138940897685
1035,5435,0.9203592679977901
1036,5436,0.9221788114782354
1037,5437,0.9270089640046587
1038,5438,0.9353057587795623
1039,5439,0.9464383012868147
1040,5440,0.9585464098004086
1041,5441,0.9692516424753257
1042,5442,0.976485478182113
1043,5443,0.978886407307043
1044,5444,0.9760142692902256
1045,5445,0.9685814719756285
1046,5446,0.9584224870151287
1047,5447,0.9480370863432741
1048,5448,0.9400486610939676
1049,5449,0.9366664673572216
1050,5450,0.9386465186881277
1051,5451,0.9444177753072618
1052,5452,0.9506187212645076
1053,5453,0.9541060289172549
1054,5454,0.9537728757370127
1055,5455,0.9506049011803445
1056,5456,0.9465430609674771
1057,5457,0.9436105499868428
1058,5458,0.9434397506239236
1059,5459,0.9463901639061154
1060,5460,0.9509118767084137
1061,5461,0.9545426817452207
1062,5462,0.9557781637830209
1063,5463,0.9549133364547229
1064,5464,0.9533785688235817
1065,5465,0.9528157651203417
1066,5466,0.95429535419454
1067,5467,0.9576512539654143
1068,5468,0.961679199342082
1069,5469,0.9650262299780692
1070,5470,0.9667127644729671
1071,5471,0.9661999200221664
1072,5472,0.9634805084292732
1073,5473,0.9588803690845488
1074,5474,0.9526925148356236
1075,5475,0.9454013430925172
1076,5476,0.9380052109001467
1077,5477,0.9316082214022705
1078,5478,0.9271325294682807
1079,5479,0.9255327094055761
1080,5480,0.9273696612110292
1081,5481,0.9319642325711582
1082,5482,0.93770682209808
1083,5483,0.9434624906963343
1084,5484,0.9490860672568837
1085,5485,0.9546602956035971
1086,5486,0.9597676655012569
1087,5487,0.9635066903802569
1088,5488,0.9651060567060898
1089,5489,0.9647371178082147
1090,5490,0.9635982877963474
1091,5491,0.9629428652304304
1092,5492,0.9632254442737613
1093,5493,0.964072185501885
1094,5494,0.9646810138379736
1095,5495,0.9644538240604446
1096,5496,0.9634977451278963
1097,5497,0.9622884416135188
1098,5498,0.9610578034069548
1099,5499,0.9599016402324915
1100,5500,0.9590246950934871
1101,5501,0.9583316677367641
1102,5502,0.957236698446147
1103,5503,0.9553752270208093
1104,5504,0.9531362895589428
1105,5505,0.9512932585412716
1106,5506,0.9503002702386301
1107,5507,0.9500205632892232
1108,5508,0.9501231651829172
1109,5509,0.9504555461346956
1110,5510,0.9507348724978764
1111,5511,0.9503367999488783
1112,5512,0.9488504457426958
1113,5513,0.9466770444347875
1114,5514,0.9449814076005634
1115,5515,0.94512609649877
1116,5516,0.9478798331184798
1117,5517,0.9529829842033214
1118,5518,0.9594567968694021
1119,5519,0.9661620504173621
1120,5520,0.9720628409848359
1121,5521,0.9762879895149269
1122,5522,0.9782512118067976
1123,5523,0.9777787310049457
1124,5524,0.9750382988169938
1125,5525,0.9703862081326908
1126,5526,0.9643540625536482
1127,5527,0.9577171547115828
1128,5528,0.9514342475098172
1129,5529,0.9465808302283647
1130,5530,0.9443156783940982
1131,5531,0.945305508999063
1132,5532,0.9488291105960612
1133,5533,0.9529684751608882
1134,5534,0.9560109012948774
1135,5535,0.957440537035871
1136,5536,0.9577205753683803
1137,5537,0.9577714398829686
1138,5538,0.9585655964623194
1139,5539,0.9606128105314499
1140,5540,0.9637166138977338
1141,5541,0.9672085019288019
1142,5542,0.9702564280773857
1143,5543,0.9720906703648322
1144,5544,0.9723510712280756
1145,5545,0.9714757531464118
1146,5546,0.9705410653562573
1147,5547,0.970512722599161
1148,5548,0.9718021219316268
1149,5549,0.9743586598938769
1150,5550,0.9776638441179666
1151,5551,0.980731706166867
1152,5552,0.9826004484880468
1153,5553,0.982866303149679
1154,5554,0.9816752600021127
1155,5555,0.9795183571297326
1156,5556,0.9771890097065561
1157,5557,0.9755257212471959
1158,5558,0.9747960698276813
1159,5559,0.9747850833631708
1160,5560,0.9747816128192123
1161,5561,0.9741129530071999
1162,5562,0.9723124321986785
1163,5563,0.9692276065026715
1164,5564,0.9651655584884393
1165,5565,0.9607528053001212
1166,5566,0.9565364600303007
1167,5567,0.9528298708513526
1168,5568,0.949887502399049
1169,5569,0.9478964411844506
1170,5570,0.9468404943489461
1171,5571,0.9466118330463922
1172,5572,0.9469990656083866
1173,5573,0.9475257786848308
1174,5574,0.9479013900066626
1175,5575,0.9485579086098052
1176,5576,0.9500516584076049
1177,5577,0.9522961323381453
1178,5578,0.9548536398852674
1179,5579,0.9573372961733637
1180,5580,0.959296024863149
1181,5581,0.9602107390775686
1182,5582,0.9596915170391624
1183,5583,0.9576691050517376
1184,5584,0.9544679509722402
1185,5585,0.9504163756458865
1186,5586,0.9452971220734279
1187,5587,0.9385445520305931
1188,5588,0.930231453231758
1189,5589,0.9218225924793798
1190,5590,0.915756559727366
1191,5591,0.9139885318132467
1192,5592,0.916640967203858
1193,5593,0.9219161503750554
1194,5594,0.9273555089501397
1195,5595,0.9314886258680777
1196,5596,0.9344694975273573
1197,5597,0.9370016376885093
1198,5598,0.9388145973055604
1199,5599,0.9387194508842334
1200,5600,0.9362098476261874
1201,5601,0.9322343128593398
1202,5602,0.9283457631228149
1203,5603,0.9259314450477735
1204,5604,0.9262216511908787
1205,5605,0.9301215750173837
1206,5606,0.9374921338036661
1207,5607,0.94674352037819
1208,5608,0.9555712119065958
1209,5609,0.9622742628747252
1210,5610,0.9663547538815931
1211,5611,0.9681168318563486
1212,5612,0.9679899745884826
1213,5613,0.9660707489417351
1214,5614,0.9619399944597817
1215,5615,0.9550146981998056
1216,5616,0.9457298187460073
1217,5617,0.9364216750262193
1218,5618,0.930193054805328
1219,5619,0.9285370669769812
1220,5620,0.930507532743829
1221,5621,0.9341142406518095
1222,5622,0.9377388732995404
1223,5623,0.9402189019239089
1224,5624,0.9406110514843365
1225,5625,0.9387350831725341
1226,5626,0.9358873498982262
1227,5627,0.9343006589804519
1228,5628,0.9355161238169163
1229,5629,0.939465985577725
1230,5630,0.9450342132748373
1231,5631,0.9508654028952959
1232,5632,0.9556776469032742
1233,5633,0.9585285239520012
1234,5634,0.9590799593157926
1235,5635,0.9575673324017586
1236,5636,0.9545848110173644
1237,5637,0.9508718914550074
1238,5638,0.9471207977122975
1239,5639,0.9438772295222903
1240,5640,0.9414917159415649
1241,5641,0.940012349429123
1242,5642,0.9392311194391463
1243,5643,0.9390473894427716
1244,5644,0.9396664469878885
1245,5645,0.9413250503523172
1246,5646,0.9439692910810991
1247,5647,0.9471711884688543
1248,5648,0.9502263913471547
1249,5649,0.9524556968450912
1250,5650,0.9535741745343207
1251,5651,0.9538353996021988
1252,5652,0.9537321580581382
1253,5653,0.9534379045934025
1254,5654,0.9525725157468009
1255,5655,0.9505376702698518
1256,5656,0.9469993925965455
1257,5657,0.9420209875352343
1258,5658,0.9358583180264797
1259,5659,0.9290656741212608
1260,5660,0.9229881472567768
1261,5661,0.9194009057610241
1262,5662,0.9190564497757562
1263,5663,0.9211753524157298
1264,5664,0.9246318593036547
1265,5665,0.9288977989926852
1266,5666,0.9336255861639982
1267,5667,0.9380362956671943
1268,5668,0.9412142240864872
1269,5669,0.9428948515530056
1270,5670,0.9437292821154335
1271,5671,0.9447530851509751
1272,5672,0.946765586265091
1273,5673,0.9500876600380759
1274,5674,0.9543459196087621
1275,5675,0.9584084087348832
1276,5676,0.9610828764537122
1277,5677,0.9620729782553361
1278,5678,0.9619145711862154
1279,5679,0.9610635067621055
1280,5680,0.9594331760878063
1281,5681,0.9567582893259905
1282,5682,0.9529835182720372
1283,5683,0.9483536055490882
1284,5684,0.9435009754505079
1285,5685,0.9393153352535292
1286,5686,0.936345607252133
1287,5687,0.9344435118205804
1288,5688,0.9332058345837962
1289,5689,0.9326537333306382
1290,5690,0.9333420420227294
1291,5691,0.9357982731771547
1292,5692,0.9399102871225999
1293,5693,0.9448154851737339
1294,5694,0.94924128769065
1295,5695,0.9520707256383275
1296,5696,0.9528722422147189
1297,5697,0.9519213131644704
1298,5698,0.9496582513485755
1299,5699,0.946319384176211
1300,5700,0.9421447391506405
1301,5701,0.937604167592712
1302,5702,0.9332434829612621
1303,5703,0.929558424613471
1304,5704,0.9269428551208854
1305,5705,0.9253308581928095
1306,5706,0.9239100800380297
1307,5707,0.9215956940391544
1308,5708,0.9179314746372164
1309,5709,0.9134565246654458
1310,5710,0.9093090763626326
1311,5711,0.9065904088967462
1312,5712,0.9059721077948846
1313,5713,0.90778822559227
1314,5714,0.9122389184524383
1315,5715,0.9190600311207313
1316,5716,0.9271546855587185
1317,5717,0.9350679322937508
1318,5718,0.9417700072401198
1319,5719,0.9468951587032597
1320,5720,0.9505956430648026
1321,5721,0.9532707440741863
1322,5722,0.9553085966422596
1323,5723,0.9569232266956383
1324,5724,0.9580193789252199
1325,5725,0.9582096863670595
1326,5726,0.9571242847772415
1327,5727,0.9547545999350273
1328,5728,0.9516147393135511
1329,5729,0.948640577225775
1330,5730,0.9468524219322437
1331,5731,0.9458782083086297
1332,5732,0.9450441770627851
1333,5733,0.9442610617067531
1334,5734,0.9440425591986324
1335,5735,0.9446753075692997
1336,5736,0.9457535272869663
1337,5737,0.946605642525546
1338,5738,0.9468785729573418
1339,5739,0.9466486720404252
1340,5740,0.9461498954576868
1341,5741,0.945494879884865
1342,5742,0.9446560560599191
1343,5743,0.9436583751532315
1344,5744,0.9427269087067205
1345,5745,0.9421709923404918
1346,5746,0.9420629525410271
1347,5747,0.942032145706432
1348,5748,0.9415098394338501
1349,5749,0.940335185107045
1350,5750,0.9390160520040328
1351,5751,0.9381168711954422
1352,5752,0.9374749634870367
1353,5753,0.9363738261416311
1354,5754,0.9345385502748789
1355,5755,0.9327324547082422
1356,5756,0.9322037185852581
1357,5757,0.9335602315038292
1358,5758,0.9362352054370218
1359,5759,0.9389582357526833
1360,5760,0.9405775517647561
1361,5761,0.9405300610749184
1362,5762,0.9389317713635318
1363,5763,0.9365442383852746
1364,5764,0.9346049066171549
1365,5765,0.9342893034693309
1366,5766,0.9359534859019178
1367,5767,0.9388805424409434
1368,5768,0.9418970147663055
1369,5769,0.9441233155418178
1370,5770,0.9451790042639705
1371,5771,0.9450706389155155
1372,5772,0.9440764013898069
1373,5773,0.942599437098609
1374,5774,0.9409883674111974
1375,5775,0.9394110311744617
1376,5776,0.9378655174006023
1377,5777,0.9362544199984628
1378,5778,0.9343486617113194
1379,5779,0.9317364032054786
1380,5780,0.9279500940391416
1381,5781,0.9227687820089429
1382,5782,0.9166260429887562
1383,5783,0.910755086117912
1384,5784,0.9065610880994959
1385,5785,0.9047192365385668
1386,5786,0.9051052010479619
1387,5787,0.9074428973882911
1388,5788,0.9114711091163632
1389,5789,0.9165043097453343
1390,5790,0.9214218878179605
1391,5791,0.9253023791984392
1392,5792,0.9279621756871871
1393,5793,0.929897693812259
1394,5794,0.9317429466097571
1395,5795,0.9337487410907465
1396,5796,0.935705629368721
1397,5797,0.9371716465524319
1398,5798,0.9378929764818702
1399,5799,0.9382749144830625
1400,5800,0.9387321840454681
